0 verbose cli /.sprite/languages/node/nvm/versions/node/v24.18.0/bin/node /.sprite/languages/node/nvm/versions/node/v24.18.0/bin/npm
1 info using npm@12.0.2
2 info using node@v24.18.0
3 silly config load:file:/.sprite/languages/node/nvm/versions/node/v24.18.0/lib/node_modules/npm/npmrc
4 silly config load:file:/home/sprite/.npmrc
5 silly config load:file:/.sprite/languages/node/nvm/versions/node/v24.18.0/etc/npmrc
6 verbose title npm install
7 verbose argv "install"
8 verbose logfile logs-max:10 dir:/home/sprite/.npm/_logs/2026-09-13T19_54_20_051Z-
9 verbose logfile /home/sprite/.npm/_logs/2026-09-13T19_54_20_051Z-debug-0.log
10 silly logfile done cleaning log files
11 silly packumentCache heap:2348810240 maxSize:587202560 maxEntrySize:293601280
12 silly idealTree buildDeps
13 silly fetch manifest @tanstack/react-router@^1.170.18
14 silly packumentCache full:https://registry.npmjs.org/@tanstack%2freact-router cache-miss
15 http fetch GET 200 https://registry.npmjs.org/@tanstack%2freact-router 290ms (cache revalidated)
16 silly packumentCache full:https://registry.npmjs.org/@tanstack%2freact-router set size:3705604 disposed:false
17 silly fetch manifest react@^19.2.8
18 silly packumentCache full:https://registry.npmjs.org/react cache-miss
19 http fetch GET 200 https://registry.npmjs.org/react 61ms (cache revalidated)
20 silly packumentCache full:https://registry.npmjs.org/react set size:6977664 disposed:false
21 silly fetch manifest react-dom@^19.2.8
22 silly packumentCache full:https://registry.npmjs.org/react-dom cache-miss
23 http fetch GET 200 https://registry.npmjs.org/react-dom 67ms (cache revalidated)
24 silly packumentCache full:https://registry.npmjs.org/react-dom set size:9393989 disposed:false
25 silly fetch manifest @tailwindcss/vite@^4.3.3
26 silly packumentCache full:https://registry.npmjs.org/@tailwindcss%2fvite cache-miss
27 http fetch GET 200 https://registry.npmjs.org/@tailwindcss%2fvite 46ms (cache revalidated)
28 silly packumentCache full:https://registry.npmjs.org/@tailwindcss%2fvite set size:2314223 disposed:false
29 silly fetch manifest vite@^8.1.5
30 silly packumentCache full:https://registry.npmjs.org/vite cache-miss
31 http cache https://registry.npmjs.org/vite 174ms (cache hit)
32 silly packumentCache full:https://registry.npmjs.org/vite set size:38945461 disposed:false
33 silly fetch manifest @types/node@^20.19.0 || >=22.12.0
34 silly packumentCache full:https://registry.npmjs.org/@types%2fnode cache-miss
35 http cache https://registry.npmjs.org/@types%2fnode 87ms (cache hit)
36 silly packumentCache full:https://registry.npmjs.org/@types%2fnode set size:11119029 disposed:false
37 silly fetch manifest @vitejs/devtools@^0.7.1
38 silly packumentCache full:https://registry.npmjs.org/@vitejs%2fdevtools cache-miss
39 http cache https://registry.npmjs.org/@vitejs%2fdevtools 7ms (cache hit)
40 silly packumentCache full:https://registry.npmjs.org/@vitejs%2fdevtools set size:317862 disposed:false
41 silly fetch manifest @vitejs/devtools-oxc@^0.7.3
42 silly packumentCache full:https://registry.npmjs.org/@vitejs%2fdevtools-oxc cache-miss
43 http cache https://registry.npmjs.org/@vitejs%2fdevtools-oxc 8ms (cache hit)
44 silly packumentCache full:https://registry.npmjs.org/@vitejs%2fdevtools-oxc set size:71155 disposed:false
45 silly fetch manifest @vitejs/devtools-rolldown@^0.7.3
46 silly packumentCache full:https://registry.npmjs.org/@vitejs%2fdevtools-rolldown cache-miss
47 http cache https://registry.npmjs.org/@vitejs%2fdevtools-rolldown 10ms (cache hit)
48 silly packumentCache full:https://registry.npmjs.org/@vitejs%2fdevtools-rolldown set size:228943 disposed:false
49 silly fetch manifest @vitejs/devtools-vite@^0.7.3
50 silly packumentCache full:https://registry.npmjs.org/@vitejs%2fdevtools-vite cache-miss
51 http cache https://registry.npmjs.org/@vitejs%2fdevtools-vite 8ms (cache hit)
52 silly packumentCache full:https://registry.npmjs.org/@vitejs%2fdevtools-vite set size:157753 disposed:false
53 silly fetch manifest @vitejs/devtools-vitest@^0.7.3
54 silly packumentCache full:https://registry.npmjs.org/@vitejs%2fdevtools-vitest cache-miss
55 http cache https://registry.npmjs.org/@vitejs%2fdevtools-vitest 4ms (cache hit)
56 silly packumentCache full:https://registry.npmjs.org/@vitejs%2fdevtools-vitest set size:50357 disposed:false
57 silly fetch manifest vitest@*
58 silly packumentCache full:https://registry.npmjs.org/vitest cache-miss
59 http cache https://registry.npmjs.org/vitest 10ms (cache hit)
60 silly packumentCache full:https://registry.npmjs.org/vitest set size:2258303 disposed:false
61 silly fetch manifest @edge-runtime/vm@*
62 silly packumentCache full:https://registry.npmjs.org/@edge-runtime%2fvm cache-miss
63 http cache https://registry.npmjs.org/@edge-runtime%2fvm 8ms (cache hit)
64 silly packumentCache full:https://registry.npmjs.org/@edge-runtime%2fvm set size:269934 disposed:false
65 silly fetch manifest @opentelemetry/api@^1.9.0
66 silly packumentCache full:https://registry.npmjs.org/@opentelemetry%2fapi cache-miss
67 http cache https://registry.npmjs.org/@opentelemetry%2fapi 5ms (cache hit)
68 silly packumentCache full:https://registry.npmjs.org/@opentelemetry%2fapi set size:272967 disposed:false
69 silly fetch manifest @vitest/browser-playwright@5.0.0
70 silly packumentCache full:https://registry.npmjs.org/@vitest%2fbrowser-playwright cache-miss
71 http fetch GET 200 https://registry.npmjs.org/@vitest%2fbrowser-playwright 52ms (cache miss)
72 silly packumentCache full:https://registry.npmjs.org/@vitest%2fbrowser-playwright set size:undefined disposed:false
73 silly fetch manifest playwright@*
74 silly packumentCache full:https://registry.npmjs.org/playwright cache-miss
75 http fetch GET 200 https://registry.npmjs.org/playwright 372ms (cache miss)
76 silly packumentCache full:https://registry.npmjs.org/playwright set size:undefined disposed:false
77 silly fetch manifest @vitest/browser-preview@5.0.0
78 silly packumentCache full:https://registry.npmjs.org/@vitest%2fbrowser-preview cache-miss
79 http fetch GET 200 https://registry.npmjs.org/@vitest%2fbrowser-preview 41ms (cache miss)
80 silly packumentCache full:https://registry.npmjs.org/@vitest%2fbrowser-preview set size:undefined disposed:false
81 silly fetch manifest @vitest/browser-webdriverio@^5.0.0-beta.5 || >=5.0.0
82 silly packumentCache full:https://registry.npmjs.org/@vitest%2fbrowser-webdriverio cache-miss
83 http fetch GET 200 https://registry.npmjs.org/@vitest%2fbrowser-webdriverio 59ms (cache miss)
84 silly packumentCache full:https://registry.npmjs.org/@vitest%2fbrowser-webdriverio set size:undefined disposed:false
85 silly fetch manifest webdriverio@*
86 silly packumentCache full:https://registry.npmjs.org/webdriverio cache-miss
87 http fetch GET 200 https://registry.npmjs.org/webdriverio 94ms (cache miss)
88 silly packumentCache full:https://registry.npmjs.org/webdriverio set size:undefined disposed:false
89 silly fetch manifest puppeteer-core@>=22.x <=24.x
90 silly packumentCache full:https://registry.npmjs.org/puppeteer-core cache-miss
91 http fetch GET 200 https://registry.npmjs.org/puppeteer-core 64ms (cache miss)
92 silly packumentCache full:https://registry.npmjs.org/puppeteer-core set size:undefined disposed:false
93 silly fetch manifest @vitest/coverage-istanbul@5.0.0
94 silly packumentCache full:https://registry.npmjs.org/@vitest%2fcoverage-istanbul cache-miss
95 http fetch GET 200 https://registry.npmjs.org/@vitest%2fcoverage-istanbul 61ms (cache miss)
96 silly packumentCache full:https://registry.npmjs.org/@vitest%2fcoverage-istanbul set size:undefined disposed:false
97 silly fetch manifest @vitest/coverage-v8@5.0.0
98 silly packumentCache full:https://registry.npmjs.org/@vitest%2fcoverage-v8 cache-miss
99 http fetch GET 200 https://registry.npmjs.org/@vitest%2fcoverage-v8 50ms (cache miss)
100 silly packumentCache full:https://registry.npmjs.org/@vitest%2fcoverage-v8 set size:undefined disposed:false
101 silly fetch manifest @vitest/browser@5.0.0
102 silly packumentCache full:https://registry.npmjs.org/@vitest%2fbrowser cache-miss
103 http fetch GET 200 https://registry.npmjs.org/@vitest%2fbrowser 103ms (cache miss)
104 silly packumentCache full:https://registry.npmjs.org/@vitest%2fbrowser set size:undefined disposed:false
105 silly fetch manifest @vitest/ui@5.0.0
106 silly packumentCache full:https://registry.npmjs.org/@vitest%2fui cache-miss
107 http fetch GET 200 https://registry.npmjs.org/@vitest%2fui 98ms (cache miss)
108 silly packumentCache full:https://registry.npmjs.org/@vitest%2fui set size:undefined disposed:false
109 silly fetch manifest happy-dom@*
110 silly packumentCache full:https://registry.npmjs.org/happy-dom cache-miss
111 http fetch GET 200 https://registry.npmjs.org/happy-dom 162ms (cache miss)
112 silly packumentCache full:https://registry.npmjs.org/happy-dom set size:undefined disposed:false
113 silly fetch manifest jsdom@*
114 silly packumentCache full:https://registry.npmjs.org/jsdom cache-miss
115 http fetch GET 200 https://registry.npmjs.org/jsdom 57ms (cache miss)
116 silly packumentCache full:https://registry.npmjs.org/jsdom set size:undefined disposed:false
117 silly fetch manifest canvas@^3.2.3
118 silly packumentCache full:https://registry.npmjs.org/canvas cache-miss
119 http fetch GET 200 https://registry.npmjs.org/canvas 35ms (cache miss)
120 silly packumentCache full:https://registry.npmjs.org/canvas set size:undefined disposed:false
121 silly fetch manifest esbuild@^0.27.0 || ^0.28.0
122 silly packumentCache full:https://registry.npmjs.org/esbuild cache-miss
123 http fetch GET 200 https://registry.npmjs.org/esbuild 95ms (cache miss)
124 silly packumentCache full:https://registry.npmjs.org/esbuild set size:undefined disposed:false
125 silly fetch manifest jiti@>=1.21.0
126 silly packumentCache full:https://registry.npmjs.org/jiti cache-miss
127 http fetch GET 200 https://registry.npmjs.org/jiti 60ms (cache miss)
128 silly packumentCache full:https://registry.npmjs.org/jiti set size:undefined disposed:false
129 silly fetch manifest less@^4.0.0
130 silly packumentCache full:https://registry.npmjs.org/less cache-miss
131 http fetch GET 200 https://registry.npmjs.org/less 36ms (cache miss)
132 silly packumentCache full:https://registry.npmjs.org/less set size:undefined disposed:false
133 silly fetch manifest sass@^1.70.0
134 silly packumentCache full:https://registry.npmjs.org/sass cache-miss
135 http fetch GET 200 https://registry.npmjs.org/sass 55ms (cache miss)
136 silly packumentCache full:https://registry.npmjs.org/sass set size:undefined disposed:false
137 silly fetch manifest sass-embedded@^1.70.0
138 silly packumentCache full:https://registry.npmjs.org/sass-embedded cache-miss
139 http fetch GET 200 https://registry.npmjs.org/sass-embedded 41ms (cache miss)
140 silly packumentCache full:https://registry.npmjs.org/sass-embedded set size:undefined disposed:false
141 silly fetch manifest stylus@>=0.54.8
142 silly packumentCache full:https://registry.npmjs.org/stylus cache-miss
143 http fetch GET 200 https://registry.npmjs.org/stylus 35ms (cache miss)
144 silly packumentCache full:https://registry.npmjs.org/stylus set size:undefined disposed:false
145 silly fetch manifest sugarss@^5.0.0
146 silly packumentCache full:https://registry.npmjs.org/sugarss cache-miss
147 http fetch GET 200 https://registry.npmjs.org/sugarss 21ms (cache miss)
148 silly packumentCache full:https://registry.npmjs.org/sugarss set size:undefined disposed:false
149 silly fetch manifest postcss@^8.3.3
150 silly packumentCache full:https://registry.npmjs.org/postcss cache-miss
151 http fetch GET 200 https://registry.npmjs.org/postcss 51ms (cache miss)
152 silly packumentCache full:https://registry.npmjs.org/postcss set size:undefined disposed:false
153 silly fetch manifest terser@^5.16.0
154 silly packumentCache full:https://registry.npmjs.org/terser cache-miss
155 http fetch GET 200 https://registry.npmjs.org/terser 44ms (cache miss)
156 silly packumentCache full:https://registry.npmjs.org/terser set size:undefined disposed:false
157 silly fetch manifest tsx@^4.8.1
158 silly packumentCache full:https://registry.npmjs.org/tsx cache-miss
159 http fetch GET 200 https://registry.npmjs.org/tsx 33ms (cache miss)
160 silly packumentCache full:https://registry.npmjs.org/tsx set size:undefined disposed:false
161 silly fetch manifest yaml@^2.4.2
162 silly packumentCache full:https://registry.npmjs.org/yaml cache-miss
163 http fetch GET 200 https://registry.npmjs.org/yaml 31ms (cache miss)
164 silly packumentCache full:https://registry.npmjs.org/yaml set size:undefined disposed:false
165 silly fetch manifest @tanstack/router-plugin@^1.168.23
166 silly packumentCache full:https://registry.npmjs.org/@tanstack%2frouter-plugin cache-miss
167 http fetch GET 200 https://registry.npmjs.org/@tanstack%2frouter-plugin 84ms (cache miss)
168 silly packumentCache full:https://registry.npmjs.org/@tanstack%2frouter-plugin set size:undefined disposed:false
169 silly fetch manifest @rsbuild/core@>=1.0.2 || ^2.0.0
170 silly packumentCache full:https://registry.npmjs.org/@rsbuild%2fcore cache-miss
171 http fetch GET 200 https://registry.npmjs.org/@rsbuild%2fcore 244ms (cache miss)
172 silly packumentCache full:https://registry.npmjs.org/@rsbuild%2fcore set size:undefined disposed:false
173 silly fetch manifest core-js@>= 3.0.0
174 silly packumentCache full:https://registry.npmjs.org/core-js cache-miss
175 http fetch GET 200 https://registry.npmjs.org/core-js 44ms (cache miss)
176 silly packumentCache full:https://registry.npmjs.org/core-js set size:undefined disposed:false
177 silly fetch manifest vite-plugin-solid@^2.11.10 || ^3.0.0-0
178 silly packumentCache full:https://registry.npmjs.org/vite-plugin-solid cache-miss
179 http fetch GET 200 https://registry.npmjs.org/vite-plugin-solid 33ms (cache miss)
180 silly packumentCache full:https://registry.npmjs.org/vite-plugin-solid set size:undefined disposed:false
181 silly fetch manifest @testing-library/jest-dom@^5.16.6 || ^5.17.0 || ^6.0.0 || ^7.0.0
182 silly packumentCache full:https://registry.npmjs.org/@testing-library%2fjest-dom cache-miss
183 http fetch GET 200 https://registry.npmjs.org/@testing-library%2fjest-dom 43ms (cache miss)
184 silly packumentCache full:https://registry.npmjs.org/@testing-library%2fjest-dom set size:undefined disposed:false
185 silly fetch manifest @testing-library/dom@>=10 <11
186 silly packumentCache full:https://registry.npmjs.org/@testing-library%2fdom cache-miss
187 http fetch GET 200 https://registry.npmjs.org/@testing-library%2fdom 86ms (cache miss)
188 silly packumentCache full:https://registry.npmjs.org/@testing-library%2fdom set size:undefined disposed:false
189 silly fetch manifest solid-js@^1.7.2
190 silly packumentCache full:https://registry.npmjs.org/solid-js cache-miss
191 http fetch GET 200 https://registry.npmjs.org/solid-js 91ms (cache miss)
192 silly packumentCache full:https://registry.npmjs.org/solid-js set size:undefined disposed:false
193 silly fetch manifest webpack@>=5.92.0
194 silly packumentCache full:https://registry.npmjs.org/webpack cache-miss
195 http fetch GET 200 https://registry.npmjs.org/webpack 197ms (cache miss)
196 silly packumentCache full:https://registry.npmjs.org/webpack set size:undefined disposed:false
197 silly fetch manifest @types/react@^19.2.17
198 silly packumentCache full:https://registry.npmjs.org/@types%2freact cache-miss
199 http fetch GET 200 https://registry.npmjs.org/@types%2freact 160ms (cache miss)
200 silly packumentCache full:https://registry.npmjs.org/@types%2freact set size:undefined disposed:false
201 silly fetch manifest @types/react-dom@^19.2.3
202 silly packumentCache full:https://registry.npmjs.org/@types%2freact-dom cache-miss
203 http fetch GET 200 https://registry.npmjs.org/@types%2freact-dom 46ms (cache miss)
204 silly packumentCache full:https://registry.npmjs.org/@types%2freact-dom set size:undefined disposed:false
205 silly fetch manifest @vitejs/plugin-react@^5.2.0
206 silly packumentCache full:https://registry.npmjs.org/@vitejs%2fplugin-react cache-miss
207 http fetch GET 200 https://registry.npmjs.org/@vitejs%2fplugin-react 40ms (cache miss)
208 silly packumentCache full:https://registry.npmjs.org/@vitejs%2fplugin-react set size:undefined disposed:false
209 silly fetch manifest tailwindcss@^4.3.3
210 silly packumentCache full:https://registry.npmjs.org/tailwindcss cache-miss
211 http fetch GET 200 https://registry.npmjs.org/tailwindcss 254ms (cache miss)
212 silly packumentCache full:https://registry.npmjs.org/tailwindcss set size:undefined disposed:false
213 silly fetch manifest typescript@^5.9.3
214 silly packumentCache full:https://registry.npmjs.org/typescript cache-miss
215 http fetch GET 200 https://registry.npmjs.org/typescript 515ms (cache miss)
216 silly packumentCache full:https://registry.npmjs.org/typescript set size:undefined disposed:false
217 silly placeDep ROOT @tailwindcss/vite@4.3.3 OK for: app@0.0.0 want: ^4.3.3
218 silly placeDep ROOT vite@8.3.0 OK for: @tailwindcss/vite@4.3.3 want: ^5.2.0 || ^6 || ^7 || ^8
219 silly placeDep ROOT @tanstack/react-router@1.170.36 OK for: app@0.0.0 want: ^1.170.18
220 silly placeDep ROOT react@19.3.0 OK for: @tanstack/react-router@1.170.36 want: >=18.0.0 || >=19.0.0
221 silly placeDep ROOT react-dom@19.3.0 OK for: @tanstack/react-router@1.170.36 want: >=18.0.0 || >=19.0.0
222 silly placeDep ROOT @tanstack/router-plugin@1.168.38 OK for: app@0.0.0 want: ^1.168.23
223 silly placeDep ROOT @types/react@19.3.0 OK for: app@0.0.0 want: ^19.2.17
224 silly placeDep ROOT @types/react-dom@19.3.0 OK for: app@0.0.0 want: ^19.2.3
225 silly placeDep ROOT @vitejs/plugin-react@5.2.0 OK for: app@0.0.0 want: ^5.2.0
226 silly placeDep ROOT tailwindcss@4.3.3 OK for: app@0.0.0 want: ^4.3.3
227 silly placeDep ROOT typescript@5.9.3 OK for: app@0.0.0 want: ^5.9.3
228 silly fetch manifest tailwindcss@4.3.3
229 silly packumentCache full:https://registry.npmjs.org/tailwindcss cache-miss
230 silly fetch manifest @tailwindcss/node@4.3.3
231 silly packumentCache full:https://registry.npmjs.org/@tailwindcss%2fnode cache-miss
232 silly fetch manifest @tailwindcss/oxide@4.3.3
233 silly packumentCache full:https://registry.npmjs.org/@tailwindcss%2foxide cache-miss
234 silly fetch manifest postcss@^8.5.28
235 silly packumentCache full:https://registry.npmjs.org/postcss cache-miss
236 silly fetch manifest rolldown@~1.2.6
237 silly packumentCache full:https://registry.npmjs.org/rolldown cache-miss
238 silly fetch manifest picomatch@^4.0.7
239 silly packumentCache full:https://registry.npmjs.org/picomatch cache-miss
240 silly fetch manifest tinyglobby@^0.2.17
241 silly packumentCache full:https://registry.npmjs.org/tinyglobby cache-miss
242 http cache https://registry.npmjs.org/postcss 72ms (cache hit)
243 silly packumentCache full:https://registry.npmjs.org/postcss set size:766699 disposed:false
244 silly fetch manifest lightningcss@^1.33.0
245 silly packumentCache full:https://registry.npmjs.org/lightningcss cache-miss
246 http cache https://registry.npmjs.org/tailwindcss 118ms (cache hit)
247 silly packumentCache full:https://registry.npmjs.org/tailwindcss set size:10879261 disposed:false
248 silly fetch manifest fsevents@~2.3.3
249 silly packumentCache full:https://registry.npmjs.org/fsevents cache-miss
250 http fetch GET 200 https://registry.npmjs.org/tinyglobby 262ms (cache miss)
251 silly packumentCache full:https://registry.npmjs.org/tinyglobby set size:undefined disposed:false
252 silly fetch manifest isbot@^5.1.22
253 silly packumentCache full:https://registry.npmjs.org/isbot cache-miss
254 http fetch GET 200 https://registry.npmjs.org/lightningcss 188ms (cache miss)
255 silly packumentCache full:https://registry.npmjs.org/lightningcss set size:undefined disposed:false
256 silly fetch manifest @tanstack/history@1.162.4
257 silly packumentCache full:https://registry.npmjs.org/@tanstack%2fhistory cache-miss
258 http fetch GET 200 https://registry.npmjs.org/picomatch 280ms (cache miss)
259 silly packumentCache full:https://registry.npmjs.org/picomatch set size:undefined disposed:false
260 silly fetch manifest @tanstack/react-store@^0.11.0
261 silly packumentCache full:https://registry.npmjs.org/@tanstack%2freact-store cache-miss
262 http fetch GET 200 https://registry.npmjs.org/fsevents 89ms (cache miss)
263 silly packumentCache full:https://registry.npmjs.org/fsevents set size:undefined disposed:false
264 silly fetch manifest @tanstack/router-core@1.171.30
265 silly packumentCache full:https://registry.npmjs.org/@tanstack%2frouter-core cache-miss
266 http fetch GET 200 https://registry.npmjs.org/@tanstack%2freact-store 81ms (cache miss)
267 silly packumentCache full:https://registry.npmjs.org/@tanstack%2freact-store set size:undefined disposed:false
268 silly fetch manifest scheduler@^0.28.0
269 silly packumentCache full:https://registry.npmjs.org/scheduler cache-miss
270 http fetch GET 200 https://registry.npmjs.org/@tanstack%2fhistory 119ms (cache miss)
271 silly packumentCache full:https://registry.npmjs.org/@tanstack%2fhistory set size:undefined disposed:false
272 silly fetch manifest zod@^4.5.4
273 silly packumentCache full:https://registry.npmjs.org/zod cache-miss
274 http fetch GET 200 https://registry.npmjs.org/isbot 171ms (cache miss)
275 silly packumentCache full:https://registry.npmjs.org/isbot set size:undefined disposed:false
276 silly fetch manifest chokidar@^5.0.0
277 silly packumentCache full:https://registry.npmjs.org/chokidar cache-miss
278 http fetch GET 200 https://registry.npmjs.org/@tailwindcss%2fnode 482ms (cache miss)
279 silly packumentCache full:https://registry.npmjs.org/@tailwindcss%2fnode set size:undefined disposed:false
280 silly fetch manifest unplugin@^3.3.0
281 silly packumentCache full:https://registry.npmjs.org/unplugin cache-miss
282 http fetch GET 200 https://registry.npmjs.org/chokidar 73ms (cache miss)
283 silly packumentCache full:https://registry.npmjs.org/chokidar set size:undefined disposed:false
284 silly fetch manifest @babel/core@^7.29.7
285 silly packumentCache full:https://registry.npmjs.org/@babel%2fcore cache-miss
286 http fetch GET 200 https://registry.npmjs.org/@tanstack%2frouter-core 234ms (cache miss)
287 silly packumentCache full:https://registry.npmjs.org/@tanstack%2frouter-core set size:undefined disposed:false
288 silly fetch manifest @babel/types@^7.29.8
289 silly packumentCache full:https://registry.npmjs.org/@babel%2ftypes cache-miss
290 http fetch GET 200 https://registry.npmjs.org/unplugin 82ms (cache miss)
291 silly packumentCache full:https://registry.npmjs.org/unplugin set size:undefined disposed:false
292 silly fetch manifest @babel/template@^7.29.7
293 silly packumentCache full:https://registry.npmjs.org/@babel%2ftemplate cache-miss
294 http fetch GET 200 https://registry.npmjs.org/@babel%2ftypes 66ms (cache miss)
295 silly packumentCache full:https://registry.npmjs.org/@babel%2ftypes set size:undefined disposed:false
296 silly fetch manifest @tanstack/router-utils@1.162.3
297 silly packumentCache full:https://registry.npmjs.org/@tanstack%2frouter-utils cache-miss
298 http fetch GET 200 https://registry.npmjs.org/rolldown 643ms (cache miss)
299 silly packumentCache full:https://registry.npmjs.org/rolldown set size:undefined disposed:false
300 silly fetch manifest @tanstack/router-generator@1.167.36
301 silly packumentCache full:https://registry.npmjs.org/@tanstack%2frouter-generator cache-miss
302 http fetch GET 200 https://registry.npmjs.org/@babel%2fcore 151ms (cache miss)
303 silly packumentCache full:https://registry.npmjs.org/@babel%2fcore set size:undefined disposed:false
304 silly fetch manifest csstype@^3.2.2
305 silly packumentCache full:https://registry.npmjs.org/csstype cache-miss
306 http fetch GET 200 https://registry.npmjs.org/@babel%2ftemplate 135ms (cache miss)
307 silly packumentCache full:https://registry.npmjs.org/@babel%2ftemplate set size:undefined disposed:false
308 silly fetch manifest @babel/core@^7.29.0
309 silly packumentCache full:https://registry.npmjs.org/@babel%2fcore cache-miss
310 http fetch GET 200 https://registry.npmjs.org/@tanstack%2frouter-utils 92ms (cache miss)
311 silly packumentCache full:https://registry.npmjs.org/@tanstack%2frouter-utils set size:undefined disposed:false
312 silly fetch manifest react-refresh@^0.18.0
313 silly packumentCache full:https://registry.npmjs.org/react-refresh cache-miss
314 http cache https://registry.npmjs.org/@babel%2fcore 24ms (cache hit)
315 silly packumentCache full:https://registry.npmjs.org/@babel%2fcore set size:792733 disposed:false
316 silly fetch manifest @types/babel__core@^7.20.5
317 silly packumentCache full:https://registry.npmjs.org/@types%2fbabel__core cache-miss
318 http fetch GET 200 https://registry.npmjs.org/@tailwindcss%2foxide 768ms (cache miss)
319 silly packumentCache full:https://registry.npmjs.org/@tailwindcss%2foxide set size:undefined disposed:false
320 silly fetch manifest @rolldown/pluginutils@1.0.0-rc.3
321 silly packumentCache full:https://registry.npmjs.org/@rolldown%2fpluginutils cache-miss
322 http fetch GET 200 https://registry.npmjs.org/csstype 128ms (cache miss)
323 silly packumentCache full:https://registry.npmjs.org/csstype set size:undefined disposed:false
324 silly fetch manifest @babel/plugin-transform-react-jsx-self@^7.27.1
325 silly packumentCache full:https://registry.npmjs.org/@babel%2fplugin-transform-react-jsx-self cache-miss
326 http fetch GET 200 https://registry.npmjs.org/@types%2fbabel__core 84ms (cache miss)
327 silly packumentCache full:https://registry.npmjs.org/@types%2fbabel__core set size:undefined disposed:false
328 silly fetch manifest @babel/plugin-transform-react-jsx-source@^7.27.1
329 silly packumentCache full:https://registry.npmjs.org/@babel%2fplugin-transform-react-jsx-source cache-miss
330 http fetch GET 200 https://registry.npmjs.org/@rolldown%2fpluginutils 70ms (cache miss)
331 silly packumentCache full:https://registry.npmjs.org/@rolldown%2fpluginutils set size:undefined disposed:false
332 http fetch GET 200 https://registry.npmjs.org/zod 492ms (cache miss)
333 silly packumentCache full:https://registry.npmjs.org/zod set size:undefined disposed:false
334 http fetch GET 200 https://registry.npmjs.org/@babel%2fplugin-transform-react-jsx-self 140ms (cache miss)
335 silly packumentCache full:https://registry.npmjs.org/@babel%2fplugin-transform-react-jsx-self set size:undefined disposed:false
336 http fetch GET 200 https://registry.npmjs.org/@babel%2fplugin-transform-react-jsx-source 137ms (cache miss)
337 silly packumentCache full:https://registry.npmjs.org/@babel%2fplugin-transform-react-jsx-source set size:undefined disposed:false
338 http fetch GET 200 https://registry.npmjs.org/@tanstack%2frouter-generator 324ms (cache miss)
339 silly packumentCache full:https://registry.npmjs.org/@tanstack%2frouter-generator set size:undefined disposed:false
340 http fetch GET 200 https://registry.npmjs.org/scheduler 746ms (cache miss)
341 silly packumentCache full:https://registry.npmjs.org/scheduler set size:undefined disposed:false
342 http fetch GET 200 https://registry.npmjs.org/react-refresh 525ms (cache miss)
343 silly packumentCache full:https://registry.npmjs.org/react-refresh set size:undefined disposed:false
344 silly placeDep ROOT @tailwindcss/node@4.3.3 OK for: @tailwindcss/vite@4.3.3 want: 4.3.3
345 silly placeDep ROOT @tailwindcss/oxide@4.3.3 OK for: @tailwindcss/vite@4.3.3 want: 4.3.3
346 silly fetch manifest jiti@^2.7.0
347 silly packumentCache full:https://registry.npmjs.org/jiti cache-miss
348 silly fetch manifest lightningcss@1.32.0
349 silly packumentCache full:https://registry.npmjs.org/lightningcss cache-miss
350 silly fetch manifest magic-string@^0.30.21
351 silly packumentCache full:https://registry.npmjs.org/magic-string cache-miss
352 silly fetch manifest source-map-js@^1.2.1
353 silly packumentCache full:https://registry.npmjs.org/source-map-js cache-miss
354 silly fetch manifest enhanced-resolve@^5.24.1
355 silly packumentCache full:https://registry.npmjs.org/enhanced-resolve cache-miss
356 silly fetch manifest @jridgewell/remapping@^2.3.5
357 silly packumentCache full:https://registry.npmjs.org/@jridgewell%2fremapping cache-miss
358 silly fetch manifest @tailwindcss/oxide-darwin-x64@4.3.3
359 silly packumentCache full:https://registry.npmjs.org/@tailwindcss%2foxide-darwin-x64 cache-miss
360 http cache https://registry.npmjs.org/lightningcss 28ms (cache hit)
361 silly packumentCache full:https://registry.npmjs.org/lightningcss set size:191065 disposed:false
362 silly fetch manifest @tailwindcss/oxide-freebsd-x64@4.3.3
363 silly packumentCache full:https://registry.npmjs.org/@tailwindcss%2foxide-freebsd-x64 cache-miss
364 http cache https://registry.npmjs.org/jiti 51ms (cache hit)
365 silly packumentCache full:https://registry.npmjs.org/jiti set size:387989 disposed:false
366 silly fetch manifest @tailwindcss/oxide-wasm32-wasi@4.3.3
367 silly packumentCache full:https://registry.npmjs.org/@tailwindcss%2foxide-wasm32-wasi cache-miss
368 http fetch GET 200 https://registry.npmjs.org/source-map-js 63ms (cache miss)
369 silly packumentCache full:https://registry.npmjs.org/source-map-js set size:undefined disposed:false
370 silly fetch manifest @tailwindcss/oxide-darwin-arm64@4.3.3
371 silly packumentCache full:https://registry.npmjs.org/@tailwindcss%2foxide-darwin-arm64 cache-miss
372 http fetch GET 200 https://registry.npmjs.org/@jridgewell%2fremapping 64ms (cache miss)
373 silly packumentCache full:https://registry.npmjs.org/@jridgewell%2fremapping set size:undefined disposed:false
374 silly fetch manifest @tailwindcss/oxide-android-arm64@4.3.3
375 silly packumentCache full:https://registry.npmjs.org/@tailwindcss%2foxide-android-arm64 cache-miss
376 http fetch GET 200 https://registry.npmjs.org/magic-string 76ms (cache miss)
377 silly packumentCache full:https://registry.npmjs.org/magic-string set size:undefined disposed:false
378 silly fetch manifest @tailwindcss/oxide-linux-x64-gnu@4.3.3
379 silly packumentCache full:https://registry.npmjs.org/@tailwindcss%2foxide-linux-x64-gnu cache-miss
380 http fetch GET 200 https://registry.npmjs.org/enhanced-resolve 103ms (cache miss)
381 silly packumentCache full:https://registry.npmjs.org/enhanced-resolve set size:undefined disposed:false
382 silly fetch manifest @tailwindcss/oxide-linux-x64-musl@4.3.3
383 silly packumentCache full:https://registry.npmjs.org/@tailwindcss%2foxide-linux-x64-musl cache-miss
384 http fetch GET 200 https://registry.npmjs.org/@tailwindcss%2foxide-wasm32-wasi 163ms (cache miss)
385 silly packumentCache full:https://registry.npmjs.org/@tailwindcss%2foxide-wasm32-wasi set size:undefined disposed:false
386 silly fetch manifest @tailwindcss/oxide-win32-x64-msvc@4.3.3
387 silly packumentCache full:https://registry.npmjs.org/@tailwindcss%2foxide-win32-x64-msvc cache-miss
388 http fetch GET 200 https://registry.npmjs.org/@tailwindcss%2foxide-android-arm64 224ms (cache miss)
389 silly packumentCache full:https://registry.npmjs.org/@tailwindcss%2foxide-android-arm64 set size:undefined disposed:false
390 silly fetch manifest @tailwindcss/oxide-linux-arm64-gnu@4.3.3
391 silly packumentCache full:https://registry.npmjs.org/@tailwindcss%2foxide-linux-arm64-gnu cache-miss
392 http fetch GET 200 https://registry.npmjs.org/@tailwindcss%2foxide-darwin-x64 383ms (cache miss)
393 silly packumentCache full:https://registry.npmjs.org/@tailwindcss%2foxide-darwin-x64 set size:undefined disposed:false
394 silly fetch manifest @tailwindcss/oxide-linux-arm64-musl@4.3.3
395 silly packumentCache full:https://registry.npmjs.org/@tailwindcss%2foxide-linux-arm64-musl cache-miss
396 http fetch GET 200 https://registry.npmjs.org/@tailwindcss%2foxide-freebsd-x64 429ms (cache miss)
397 silly packumentCache full:https://registry.npmjs.org/@tailwindcss%2foxide-freebsd-x64 set size:undefined disposed:false
398 silly fetch manifest @tailwindcss/oxide-win32-arm64-msvc@4.3.3
399 silly packumentCache full:https://registry.npmjs.org/@tailwindcss%2foxide-win32-arm64-msvc cache-miss
400 http fetch GET 200 https://registry.npmjs.org/@tailwindcss%2foxide-darwin-arm64 426ms (cache miss)
401 silly packumentCache full:https://registry.npmjs.org/@tailwindcss%2foxide-darwin-arm64 set size:undefined disposed:false
402 silly fetch manifest @tailwindcss/oxide-linux-arm-gnueabihf@4.3.3
403 silly packumentCache full:https://registry.npmjs.org/@tailwindcss%2foxide-linux-arm-gnueabihf cache-miss
404 http fetch GET 200 https://registry.npmjs.org/@tailwindcss%2foxide-linux-x64-musl 480ms (cache miss)
405 silly packumentCache full:https://registry.npmjs.org/@tailwindcss%2foxide-linux-x64-musl set size:undefined disposed:false
406 http fetch GET 200 https://registry.npmjs.org/@tailwindcss%2foxide-linux-x64-gnu 594ms (cache miss)
407 silly packumentCache full:https://registry.npmjs.org/@tailwindcss%2foxide-linux-x64-gnu set size:undefined disposed:false
408 http fetch GET 200 https://registry.npmjs.org/@tailwindcss%2foxide-win32-x64-msvc 559ms (cache miss)
409 silly packumentCache full:https://registry.npmjs.org/@tailwindcss%2foxide-win32-x64-msvc set size:undefined disposed:false
410 http fetch GET 200 https://registry.npmjs.org/@tailwindcss%2foxide-linux-arm64-gnu 527ms (cache miss)
411 silly packumentCache full:https://registry.npmjs.org/@tailwindcss%2foxide-linux-arm64-gnu set size:undefined disposed:false
412 http fetch GET 200 https://registry.npmjs.org/@tailwindcss%2foxide-win32-arm64-msvc 390ms (cache miss)
413 silly packumentCache full:https://registry.npmjs.org/@tailwindcss%2foxide-win32-arm64-msvc set size:undefined disposed:false
414 http fetch GET 200 https://registry.npmjs.org/@tailwindcss%2foxide-linux-arm64-musl 546ms (cache miss)
415 silly packumentCache full:https://registry.npmjs.org/@tailwindcss%2foxide-linux-arm64-musl set size:undefined disposed:false
416 http fetch GET 200 https://registry.npmjs.org/@tailwindcss%2foxide-linux-arm-gnueabihf 505ms (cache miss)
417 silly packumentCache full:https://registry.npmjs.org/@tailwindcss%2foxide-linux-arm-gnueabihf set size:undefined disposed:false
418 silly placeDep ROOT @jridgewell/remapping@2.3.5 OK for: @tailwindcss/node@4.3.3 want: ^2.3.5
419 silly placeDep ROOT enhanced-resolve@5.25.1 OK for: @tailwindcss/node@4.3.3 want: ^5.24.1
420 silly placeDep ROOT jiti@2.7.0 OK for: @tailwindcss/node@4.3.3 want: ^2.7.0
421 silly placeDep ROOT lightningcss@1.32.0 OK for: @tailwindcss/node@4.3.3 want: 1.32.0
422 silly placeDep ROOT magic-string@0.30.21 OK for: @tailwindcss/node@4.3.3 want: ^0.30.21
423 silly placeDep ROOT source-map-js@1.2.1 OK for: @tailwindcss/node@4.3.3 want: ^1.2.1
424 silly fetch manifest @jridgewell/gen-mapping@^0.3.5
425 silly packumentCache full:https://registry.npmjs.org/@jridgewell%2fgen-mapping cache-miss
426 silly fetch manifest @jridgewell/trace-mapping@^0.3.24
427 silly packumentCache full:https://registry.npmjs.org/@jridgewell%2ftrace-mapping cache-miss
428 silly fetch manifest tapable@^2.3.3
429 silly packumentCache full:https://registry.npmjs.org/tapable cache-miss
430 silly fetch manifest graceful-fs@^4.2.4
431 silly packumentCache full:https://registry.npmjs.org/graceful-fs cache-miss
432 silly fetch manifest detect-libc@^2.0.3
433 silly packumentCache full:https://registry.npmjs.org/detect-libc cache-miss
434 silly fetch manifest lightningcss-darwin-x64@1.32.0
435 silly packumentCache full:https://registry.npmjs.org/lightningcss-darwin-x64 cache-miss
436 silly fetch manifest lightningcss-freebsd-x64@1.32.0
437 silly packumentCache full:https://registry.npmjs.org/lightningcss-freebsd-x64 cache-miss
438 http fetch GET 200 https://registry.npmjs.org/lightningcss-darwin-x64 106ms (cache miss)
439 silly packumentCache full:https://registry.npmjs.org/lightningcss-darwin-x64 set size:undefined disposed:false
440 silly fetch manifest lightningcss-darwin-arm64@1.32.0
441 silly packumentCache full:https://registry.npmjs.org/lightningcss-darwin-arm64 cache-miss
442 http fetch GET 200 https://registry.npmjs.org/detect-libc 113ms (cache miss)
443 silly packumentCache full:https://registry.npmjs.org/detect-libc set size:undefined disposed:false
444 silly fetch manifest lightningcss-android-arm64@1.32.0
445 silly packumentCache full:https://registry.npmjs.org/lightningcss-android-arm64 cache-miss
446 http fetch GET 200 https://registry.npmjs.org/tapable 121ms (cache miss)
447 silly packumentCache full:https://registry.npmjs.org/tapable set size:undefined disposed:false
448 silly fetch manifest lightningcss-linux-x64-gnu@1.32.0
449 silly packumentCache full:https://registry.npmjs.org/lightningcss-linux-x64-gnu cache-miss
450 http fetch GET 200 https://registry.npmjs.org/@jridgewell%2fgen-mapping 127ms (cache miss)
451 silly packumentCache full:https://registry.npmjs.org/@jridgewell%2fgen-mapping set size:undefined disposed:false
452 silly fetch manifest lightningcss-linux-x64-musl@1.32.0
453 silly packumentCache full:https://registry.npmjs.org/lightningcss-linux-x64-musl cache-miss
454 http fetch GET 200 https://registry.npmjs.org/graceful-fs 135ms (cache miss)
455 silly packumentCache full:https://registry.npmjs.org/graceful-fs set size:undefined disposed:false
456 silly fetch manifest lightningcss-win32-x64-msvc@1.32.0
457 silly packumentCache full:https://registry.npmjs.org/lightningcss-win32-x64-msvc cache-miss
458 http fetch GET 200 https://registry.npmjs.org/@jridgewell%2ftrace-mapping 147ms (cache miss)
459 silly packumentCache full:https://registry.npmjs.org/@jridgewell%2ftrace-mapping set size:undefined disposed:false
460 silly fetch manifest lightningcss-linux-arm64-gnu@1.32.0
461 silly packumentCache full:https://registry.npmjs.org/lightningcss-linux-arm64-gnu cache-miss
462 http fetch GET 200 https://registry.npmjs.org/lightningcss-android-arm64 58ms (cache miss)
463 silly packumentCache full:https://registry.npmjs.org/lightningcss-android-arm64 set size:undefined disposed:false
464 silly fetch manifest lightningcss-linux-arm64-musl@1.32.0
465 silly packumentCache full:https://registry.npmjs.org/lightningcss-linux-arm64-musl cache-miss
466 http fetch GET 200 https://registry.npmjs.org/lightningcss-freebsd-x64 181ms (cache miss)
467 silly packumentCache full:https://registry.npmjs.org/lightningcss-freebsd-x64 set size:undefined disposed:false
468 silly fetch manifest lightningcss-win32-arm64-msvc@1.32.0
469 silly packumentCache full:https://registry.npmjs.org/lightningcss-win32-arm64-msvc cache-miss
470 http fetch GET 200 https://registry.npmjs.org/lightningcss-darwin-arm64 75ms (cache miss)
471 silly packumentCache full:https://registry.npmjs.org/lightningcss-darwin-arm64 set size:undefined disposed:false
472 silly fetch manifest lightningcss-linux-arm-gnueabihf@1.32.0
473 silly packumentCache full:https://registry.npmjs.org/lightningcss-linux-arm-gnueabihf cache-miss
474 http fetch GET 200 https://registry.npmjs.org/lightningcss-linux-x64-gnu 65ms (cache miss)
475 silly packumentCache full:https://registry.npmjs.org/lightningcss-linux-x64-gnu set size:undefined disposed:false
476 silly fetch manifest @jridgewell/sourcemap-codec@^1.5.5
477 silly packumentCache full:https://registry.npmjs.org/@jridgewell%2fsourcemap-codec cache-miss
478 http fetch GET 200 https://registry.npmjs.org/lightningcss-win32-x64-msvc 73ms (cache miss)
479 silly packumentCache full:https://registry.npmjs.org/lightningcss-win32-x64-msvc set size:undefined disposed:false
480 http fetch GET 200 https://registry.npmjs.org/lightningcss-linux-x64-musl 86ms (cache miss)
481 silly packumentCache full:https://registry.npmjs.org/lightningcss-linux-x64-musl set size:undefined disposed:false
482 http fetch GET 200 https://registry.npmjs.org/lightningcss-linux-arm64-gnu 81ms (cache miss)
483 silly packumentCache full:https://registry.npmjs.org/lightningcss-linux-arm64-gnu set size:undefined disposed:false
484 http fetch GET 200 https://registry.npmjs.org/lightningcss-win32-arm64-msvc 65ms (cache miss)
485 silly packumentCache full:https://registry.npmjs.org/lightningcss-win32-arm64-msvc set size:undefined disposed:false
486 http fetch GET 200 https://registry.npmjs.org/lightningcss-linux-arm-gnueabihf 67ms (cache miss)
487 silly packumentCache full:https://registry.npmjs.org/lightningcss-linux-arm-gnueabihf set size:undefined disposed:false
488 http fetch GET 200 https://registry.npmjs.org/@jridgewell%2fsourcemap-codec 66ms (cache miss)
489 silly packumentCache full:https://registry.npmjs.org/@jridgewell%2fsourcemap-codec set size:undefined disposed:false
490 http fetch GET 200 https://registry.npmjs.org/lightningcss-linux-arm64-musl 87ms (cache miss)
491 silly packumentCache full:https://registry.npmjs.org/lightningcss-linux-arm64-musl set size:undefined disposed:false
492 silly placeDep ROOT @jridgewell/gen-mapping@0.3.13 OK for: @jridgewell/remapping@2.3.5 want: ^0.3.5
493 silly placeDep ROOT @jridgewell/trace-mapping@0.3.31 OK for: @jridgewell/remapping@2.3.5 want: ^0.3.24
494 silly fetch manifest @jridgewell/sourcemap-codec@^1.5.0
495 silly packumentCache full:https://registry.npmjs.org/@jridgewell%2fsourcemap-codec cache-miss
496 silly fetch manifest @jridgewell/resolve-uri@^3.1.0
497 silly packumentCache full:https://registry.npmjs.org/@jridgewell%2fresolve-uri cache-miss
498 silly fetch manifest @jridgewell/sourcemap-codec@^1.4.14
499 silly packumentCache full:https://registry.npmjs.org/@jridgewell%2fsourcemap-codec cache-miss
500 http cache https://registry.npmjs.org/@jridgewell%2fsourcemap-codec 30ms (cache hit)
501 silly packumentCache full:https://registry.npmjs.org/@jridgewell%2fsourcemap-codec set size:65255 disposed:false
502 http cache https://registry.npmjs.org/@jridgewell%2fsourcemap-codec 28ms (cache hit)
503 silly packumentCache full:https://registry.npmjs.org/@jridgewell%2fsourcemap-codec set size:65255 disposed:false
504 silly packumentCache full:https://registry.npmjs.org/@jridgewell%2fsourcemap-codec dispose
505 http fetch GET 200 https://registry.npmjs.org/@jridgewell%2fresolve-uri 75ms (cache miss)
506 silly packumentCache full:https://registry.npmjs.org/@jridgewell%2fresolve-uri set size:undefined disposed:false
507 silly placeDep ROOT @jridgewell/sourcemap-codec@1.6.0 OK for: @jridgewell/gen-mapping@0.3.13 want: ^1.5.0
508 silly placeDep ROOT @jridgewell/resolve-uri@3.1.2 OK for: @jridgewell/trace-mapping@0.3.31 want: ^3.1.0
509 silly placeDep ROOT @tailwindcss/oxide-android-arm64@4.3.3 OK for: @tailwindcss/oxide@4.3.3 want: 4.3.3
510 silly placeDep ROOT @tailwindcss/oxide-darwin-arm64@4.3.3 OK for: @tailwindcss/oxide@4.3.3 want: 4.3.3
511 silly placeDep ROOT @tailwindcss/oxide-darwin-x64@4.3.3 OK for: @tailwindcss/oxide@4.3.3 want: 4.3.3
512 silly placeDep ROOT @tailwindcss/oxide-freebsd-x64@4.3.3 OK for: @tailwindcss/oxide@4.3.3 want: 4.3.3
513 silly placeDep ROOT @tailwindcss/oxide-linux-arm-gnueabihf@4.3.3 OK for: @tailwindcss/oxide@4.3.3 want: 4.3.3
514 silly placeDep ROOT @tailwindcss/oxide-linux-arm64-gnu@4.3.3 OK for: @tailwindcss/oxide@4.3.3 want: 4.3.3
515 silly placeDep ROOT @tailwindcss/oxide-linux-arm64-musl@4.3.3 OK for: @tailwindcss/oxide@4.3.3 want: 4.3.3
516 silly placeDep ROOT @tailwindcss/oxide-linux-x64-gnu@4.3.3 OK for: @tailwindcss/oxide@4.3.3 want: 4.3.3
517 silly placeDep ROOT @tailwindcss/oxide-linux-x64-musl@4.3.3 OK for: @tailwindcss/oxide@4.3.3 want: 4.3.3
518 silly placeDep ROOT @tailwindcss/oxide-wasm32-wasi@4.3.3 OK for: @tailwindcss/oxide@4.3.3 want: 4.3.3
519 silly placeDep ROOT @tailwindcss/oxide-win32-arm64-msvc@4.3.3 OK for: @tailwindcss/oxide@4.3.3 want: 4.3.3
520 silly placeDep ROOT @tailwindcss/oxide-win32-x64-msvc@4.3.3 OK for: @tailwindcss/oxide@4.3.3 want: 4.3.3
521 silly fetch manifest react@>=18.0.0 || >=19.0.0
522 silly packumentCache full:https://registry.npmjs.org/react cache-miss
523 http cache https://registry.npmjs.org/react 37ms (cache hit)
524 silly packumentCache full:https://registry.npmjs.org/react set size:6977664 disposed:false
525 silly fetch manifest react-dom@>=18.0.0 || >=19.0.0
526 silly packumentCache full:https://registry.npmjs.org/react-dom cache-miss
527 http cache https://registry.npmjs.org/react-dom 74ms (cache hit)
528 silly packumentCache full:https://registry.npmjs.org/react-dom set size:9393989 disposed:false
529 silly placeDep ROOT @tanstack/history@1.162.4 OK for: @tanstack/react-router@1.170.36 want: 1.162.4
530 silly placeDep ROOT @tanstack/react-store@0.11.1 OK for: @tanstack/react-router@1.170.36 want: ^0.11.0
531 silly placeDep ROOT @tanstack/router-core@1.171.30 OK for: @tanstack/react-router@1.170.36 want: 1.171.30
532 silly placeDep ROOT isbot@5.2.2 OK for: @tanstack/react-router@1.170.36 want: ^5.1.22
533 silly fetch manifest @tanstack/store@0.11.1
534 silly packumentCache full:https://registry.npmjs.org/@tanstack%2fstore cache-miss
535 silly fetch manifest use-sync-external-store@^1.6.0
536 silly packumentCache full:https://registry.npmjs.org/use-sync-external-store cache-miss
537 silly fetch manifest seroval@^1.6.2
538 silly packumentCache full:https://registry.npmjs.org/seroval cache-miss
539 silly fetch manifest cookie-es@^3.0.0
540 silly packumentCache full:https://registry.npmjs.org/cookie-es cache-miss
541 silly fetch manifest seroval-plugins@^1.6.2
542 silly packumentCache full:https://registry.npmjs.org/seroval-plugins cache-miss
543 http fetch GET 200 https://registry.npmjs.org/seroval 45ms (cache miss)
544 silly packumentCache full:https://registry.npmjs.org/seroval set size:undefined disposed:false
545 http fetch GET 200 https://registry.npmjs.org/seroval-plugins 49ms (cache miss)
546 silly packumentCache full:https://registry.npmjs.org/seroval-plugins set size:undefined disposed:false
547 http fetch GET 200 https://registry.npmjs.org/cookie-es 51ms (cache miss)
548 silly packumentCache full:https://registry.npmjs.org/cookie-es set size:undefined disposed:false
549 http fetch GET 200 https://registry.npmjs.org/@tanstack%2fstore 63ms (cache miss)
550 silly packumentCache full:https://registry.npmjs.org/@tanstack%2fstore set size:undefined disposed:false
551 http fetch GET 200 https://registry.npmjs.org/use-sync-external-store 310ms (cache miss)
552 silly packumentCache full:https://registry.npmjs.org/use-sync-external-store set size:undefined disposed:false
553 silly fetch manifest react@^16.8.0 || ^17.0.0 || ^18.0.0 || ^19.0.0
554 silly packumentCache full:https://registry.npmjs.org/react cache-miss
555 http cache https://registry.npmjs.org/react 74ms (cache hit)
556 silly packumentCache full:https://registry.npmjs.org/react set size:6977664 disposed:false
557 silly placeDep ROOT @tanstack/store@0.11.1 OK for: @tanstack/react-store@0.11.1 want: 0.11.1
558 silly placeDep ROOT use-sync-external-store@1.7.0 OK for: @tanstack/react-store@0.11.1 want: ^1.6.0
559 silly placeDep ROOT cookie-es@3.1.1 OK for: @tanstack/router-core@1.171.30 want: ^3.0.0
560 silly placeDep ROOT seroval@1.6.7 OK for: @tanstack/router-core@1.171.30 want: ^1.6.2
561 silly placeDep ROOT seroval-plugins@1.6.7 OK for: @tanstack/router-core@1.171.30 want: ^1.6.2
562 silly fetch manifest @farmfe/core@*
563 silly packumentCache full:https://registry.npmjs.org/@farmfe%2fcore cache-miss
564 http fetch GET 200 https://registry.npmjs.org/@farmfe%2fcore 131ms (cache miss)
565 silly packumentCache full:https://registry.npmjs.org/@farmfe%2fcore set size:undefined disposed:false
566 silly fetch manifest @rspack/core@*
567 silly packumentCache full:https://registry.npmjs.org/@rspack%2fcore cache-miss
568 http fetch GET 200 https://registry.npmjs.org/@rspack%2fcore 268ms (cache miss)
569 silly packumentCache full:https://registry.npmjs.org/@rspack%2fcore set size:undefined disposed:false
570 silly fetch manifest @module-federation/runtime-tools@^0.24.1 || ^2.0.0
571 silly packumentCache full:https://registry.npmjs.org/@module-federation%2fruntime-tools cache-miss
572 http fetch GET 200 https://registry.npmjs.org/@module-federation%2fruntime-tools 146ms (cache miss)
573 silly packumentCache full:https://registry.npmjs.org/@module-federation%2fruntime-tools set size:undefined disposed:false
574 silly fetch manifest @swc/helpers@^0.5.23
575 silly packumentCache full:https://registry.npmjs.org/@swc%2fhelpers cache-miss
576 http fetch GET 200 https://registry.npmjs.org/@swc%2fhelpers 55ms (cache miss)
577 silly packumentCache full:https://registry.npmjs.org/@swc%2fhelpers set size:undefined disposed:false
578 silly fetch manifest bun-types-no-globals@*
579 silly packumentCache full:https://registry.npmjs.org/bun-types-no-globals cache-miss
580 http fetch GET 200 https://registry.npmjs.org/bun-types-no-globals 219ms (cache miss)
581 silly packumentCache full:https://registry.npmjs.org/bun-types-no-globals set size:undefined disposed:false
582 silly fetch manifest esbuild@*
583 silly packumentCache full:https://registry.npmjs.org/esbuild cache-miss
584 http cache https://registry.npmjs.org/esbuild 7ms (cache hit)
585 silly packumentCache full:https://registry.npmjs.org/esbuild set size:1264676 disposed:false
586 silly fetch manifest rolldown@*
587 silly packumentCache full:https://registry.npmjs.org/rolldown cache-miss
588 http cache https://registry.npmjs.org/rolldown 10ms (cache hit)
589 silly packumentCache full:https://registry.npmjs.org/rolldown set size:3814837 disposed:false
590 silly fetch manifest rollup@*
591 silly packumentCache full:https://registry.npmjs.org/rollup cache-miss
592 http fetch GET 200 https://registry.npmjs.org/rollup 237ms (cache miss)
593 silly packumentCache full:https://registry.npmjs.org/rollup set size:undefined disposed:false
594 silly fetch manifest unloader@*
595 silly packumentCache full:https://registry.npmjs.org/unloader cache-miss
596 http fetch GET 200 https://registry.npmjs.org/unloader 33ms (cache miss)
597 silly packumentCache full:https://registry.npmjs.org/unloader set size:undefined disposed:false
598 silly fetch manifest vite@>=5.0.0 || >=6.0.0 || >=7.0.0 || >=8.0.0
599 silly packumentCache full:https://registry.npmjs.org/vite cache-miss
600 http cache https://registry.npmjs.org/vite 111ms (cache hit)
601 silly packumentCache full:https://registry.npmjs.org/vite set size:38945461 disposed:false
602 silly placeDep ROOT @babel/core@7.29.7 OK for: @tanstack/router-plugin@1.168.38 want: ^7.29.7
603 silly placeDep ROOT @babel/template@7.29.7 OK for: @tanstack/router-plugin@1.168.38 want: ^7.29.7
604 silly placeDep ROOT @babel/types@7.29.8 OK for: @tanstack/router-plugin@1.168.38 want: ^7.29.8
605 silly placeDep ROOT @tanstack/router-generator@1.167.36 OK for: @tanstack/router-plugin@1.168.38 want: 1.167.36
606 silly placeDep ROOT @tanstack/router-utils@1.162.3 OK for: @tanstack/router-plugin@1.168.38 want: 1.162.3
607 silly placeDep ROOT chokidar@5.0.0 OK for: @tanstack/router-plugin@1.168.38 want: ^5.0.0
608 silly placeDep ROOT unplugin@3.3.0 OK for: @tanstack/router-plugin@1.168.38 want: ^3.3.0
609 silly placeDep ROOT zod@4.6.4 OK for: @tanstack/router-plugin@1.168.38 want: ^4.5.4
610 silly fetch manifest debug@^4.1.0
611 silly packumentCache full:https://registry.npmjs.org/debug cache-miss
612 silly fetch manifest json5@^2.2.3
613 silly packumentCache full:https://registry.npmjs.org/json5 cache-miss
614 silly fetch manifest semver@^6.3.1
615 silly packumentCache full:https://registry.npmjs.org/semver cache-miss
616 silly fetch manifest gensync@^1.0.0-beta.2
617 silly packumentCache full:https://registry.npmjs.org/gensync cache-miss
618 silly fetch manifest @babel/types@^7.29.7
619 silly packumentCache full:https://registry.npmjs.org/@babel%2ftypes cache-miss
620 silly fetch manifest @babel/parser@^7.29.7
621 silly packumentCache full:https://registry.npmjs.org/@babel%2fparser cache-miss
622 silly fetch manifest @babel/helpers@^7.29.7
623 silly packumentCache full:https://registry.npmjs.org/@babel%2fhelpers cache-miss
624 http cache https://registry.npmjs.org/@babel%2ftypes 100ms (cache hit)
625 silly packumentCache full:https://registry.npmjs.org/@babel%2ftypes set size:505250 disposed:false
626 silly fetch manifest @babel/traverse@^7.29.7
627 silly packumentCache full:https://registry.npmjs.org/@babel%2ftraverse cache-miss
628 http fetch GET 200 https://registry.npmjs.org/gensync 121ms (cache miss)
629 silly packumentCache full:https://registry.npmjs.org/gensync set size:undefined disposed:false
630 silly fetch manifest @babel/generator@^7.29.7
631 silly packumentCache full:https://registry.npmjs.org/@babel%2fgenerator cache-miss
632 http fetch GET 200 https://registry.npmjs.org/json5 126ms (cache miss)
633 silly packumentCache full:https://registry.npmjs.org/json5 set size:undefined disposed:false
634 silly fetch manifest @babel/code-frame@^7.29.7
635 silly packumentCache full:https://registry.npmjs.org/@babel%2fcode-frame cache-miss
636 http fetch GET 200 https://registry.npmjs.org/semver 133ms (cache miss)
637 silly packumentCache full:https://registry.npmjs.org/semver set size:undefined disposed:false
638 silly fetch manifest convert-source-map@^2.0.0
639 silly packumentCache full:https://registry.npmjs.org/convert-source-map cache-miss
640 http fetch GET 200 https://registry.npmjs.org/debug 139ms (cache miss)
641 silly packumentCache full:https://registry.npmjs.org/debug set size:undefined disposed:false
642 silly fetch manifest @babel/helper-module-transforms@^7.29.7
643 silly packumentCache full:https://registry.npmjs.org/@babel%2fhelper-module-transforms cache-miss
644 http fetch GET 200 https://registry.npmjs.org/@babel%2fhelpers 149ms (cache miss)
645 silly packumentCache full:https://registry.npmjs.org/@babel%2fhelpers set size:undefined disposed:false
646 silly fetch manifest @babel/helper-compilation-targets@^7.29.7
647 silly packumentCache full:https://registry.npmjs.org/@babel%2fhelper-compilation-targets cache-miss
648 http fetch GET 200 https://registry.npmjs.org/@babel%2fparser 169ms (cache miss)
649 silly packumentCache full:https://registry.npmjs.org/@babel%2fparser set size:undefined disposed:false
650 silly fetch manifest @babel/code-frame@^7.29.7
651 silly packumentCache full:https://registry.npmjs.org/@babel%2fcode-frame cache-miss
652 http fetch GET 200 https://registry.npmjs.org/convert-source-map 67ms (cache miss)
653 silly packumentCache full:https://registry.npmjs.org/convert-source-map set size:undefined disposed:false
654 silly fetch manifest @babel/helper-string-parser@^7.29.7
655 silly packumentCache full:https://registry.npmjs.org/@babel%2fhelper-string-parser cache-miss
656 http fetch GET 200 https://registry.npmjs.org/@babel%2fcode-frame 79ms (cache miss)
657 silly packumentCache full:https://registry.npmjs.org/@babel%2fcode-frame set size:undefined disposed:false
658 silly fetch manifest @babel/helper-validator-identifier@^7.29.7
659 silly packumentCache full:https://registry.npmjs.org/@babel%2fhelper-validator-identifier cache-miss
660 http fetch GET 200 https://registry.npmjs.org/@babel%2ftraverse 156ms (cache miss)
661 silly packumentCache full:https://registry.npmjs.org/@babel%2ftraverse set size:undefined disposed:false
662 silly fetch manifest prettier@^3.9.6
663 silly packumentCache full:https://registry.npmjs.org/prettier cache-miss
664 http fetch GET 200 https://registry.npmjs.org/@babel%2fgenerator 171ms (cache miss)
665 silly packumentCache full:https://registry.npmjs.org/@babel%2fgenerator set size:undefined disposed:false
666 silly fetch manifest @tanstack/virtual-file-routes@1.162.0
667 silly packumentCache full:https://registry.npmjs.org/@tanstack%2fvirtual-file-routes cache-miss
668 http fetch GET 200 https://registry.npmjs.org/@babel%2fhelper-module-transforms 166ms (cache miss)
669 silly packumentCache full:https://registry.npmjs.org/@babel%2fhelper-module-transforms set size:undefined disposed:false
670 silly fetch manifest diff@^8.0.4
671 silly packumentCache full:https://registry.npmjs.org/diff cache-miss
672 http fetch GET 200 https://registry.npmjs.org/@babel%2fhelper-compilation-targets 168ms (cache miss)
673 silly packumentCache full:https://registry.npmjs.org/@babel%2fhelper-compilation-targets set size:undefined disposed:false
674 silly fetch manifest ansis@^4.3.1
675 silly packumentCache full:https://registry.npmjs.org/ansis cache-miss
676 http fetch GET 200 https://registry.npmjs.org/@babel%2fcode-frame 163ms (cache miss)
677 silly packumentCache full:https://registry.npmjs.org/@babel%2fcode-frame set size:undefined disposed:false
678 silly fetch manifest pathe@^2.0.3
679 silly packumentCache full:https://registry.npmjs.org/pathe cache-miss
680 http fetch GET 200 https://registry.npmjs.org/@babel%2fhelper-string-parser 158ms (cache miss)
681 silly packumentCache full:https://registry.npmjs.org/@babel%2fhelper-string-parser set size:undefined disposed:false
682 silly fetch manifest @babel/parser@^7.29.8
683 silly packumentCache full:https://registry.npmjs.org/@babel%2fparser cache-miss
684 http fetch GET 200 https://registry.npmjs.org/@babel%2fhelper-validator-identifier 171ms (cache miss)
685 silly packumentCache full:https://registry.npmjs.org/@babel%2fhelper-validator-identifier set size:undefined disposed:false
686 silly fetch manifest @babel/generator@^7.29.8
687 silly packumentCache full:https://registry.npmjs.org/@babel%2fgenerator cache-miss
688 http cache https://registry.npmjs.org/@babel%2fparser 56ms (cache hit)
689 silly packumentCache full:https://registry.npmjs.org/@babel%2fparser set size:740578 disposed:false
690 silly fetch manifest babel-dead-code-elimination@^1.0.12
691 silly packumentCache full:https://registry.npmjs.org/babel-dead-code-elimination cache-miss
692 http fetch GET 200 https://registry.npmjs.org/diff 124ms (cache miss)
693 silly packumentCache full:https://registry.npmjs.org/diff set size:undefined disposed:false
694 silly fetch manifest readdirp@^5.0.0
695 silly packumentCache full:https://registry.npmjs.org/readdirp cache-miss
696 http fetch GET 200 https://registry.npmjs.org/@tanstack%2fvirtual-file-routes 145ms (cache miss)
697 silly packumentCache full:https://registry.npmjs.org/@tanstack%2fvirtual-file-routes set size:undefined disposed:false
698 silly fetch manifest picomatch@^4.0.4
699 silly packumentCache full:https://registry.npmjs.org/picomatch cache-miss
700 http cache https://registry.npmjs.org/@babel%2fgenerator 62ms (cache hit)
701 silly packumentCache full:https://registry.npmjs.org/@babel%2fgenerator set size:525319 disposed:false
702 silly fetch manifest webpack-virtual-modules@^0.6.2
703 silly packumentCache full:https://registry.npmjs.org/webpack-virtual-modules cache-miss
704 http fetch GET 200 https://registry.npmjs.org/pathe 111ms (cache miss)
705 silly packumentCache full:https://registry.npmjs.org/pathe set size:undefined disposed:false
706 http fetch GET 200 https://registry.npmjs.org/ansis 126ms (cache miss)
707 silly packumentCache full:https://registry.npmjs.org/ansis set size:undefined disposed:false
708 http cache https://registry.npmjs.org/picomatch 31ms (cache hit)
709 silly packumentCache full:https://registry.npmjs.org/picomatch set size:134451 disposed:false
710 http fetch GET 200 https://registry.npmjs.org/readdirp 41ms (cache miss)
711 silly packumentCache full:https://registry.npmjs.org/readdirp set size:undefined disposed:false
712 http fetch GET 200 https://registry.npmjs.org/prettier 197ms (cache miss)
713 silly packumentCache full:https://registry.npmjs.org/prettier set size:undefined disposed:false
714 http fetch GET 200 https://registry.npmjs.org/webpack-virtual-modules 47ms (cache miss)
715 silly packumentCache full:https://registry.npmjs.org/webpack-virtual-modules set size:undefined disposed:false
716 http fetch GET 200 https://registry.npmjs.org/babel-dead-code-elimination 204ms (cache miss)
717 silly packumentCache full:https://registry.npmjs.org/babel-dead-code-elimination set size:undefined disposed:false
718 silly fetch manifest @babel/core@^7.0.0
719 silly packumentCache full:https://registry.npmjs.org/@babel%2fcore cache-hit
720 silly placeDep ROOT @babel/code-frame@7.29.7 OK for: @babel/core@7.29.7 want: ^7.29.7
721 silly placeDep ROOT @babel/generator@7.29.8 OK for: @babel/core@7.29.7 want: ^7.29.7
722 silly placeDep ROOT @babel/helper-compilation-targets@7.29.7 OK for: @babel/core@7.29.7 want: ^7.29.7
723 silly placeDep ROOT @babel/helper-module-transforms@7.29.7 OK for: @babel/core@7.29.7 want: ^7.29.7
724 silly placeDep ROOT @babel/helpers@7.29.7 OK for: @babel/core@7.29.7 want: ^7.29.7
725 silly placeDep ROOT @babel/parser@7.29.8 OK for: @babel/core@7.29.7 want: ^7.29.7
726 silly placeDep ROOT @babel/traverse@7.29.8 OK for: @babel/core@7.29.7 want: ^7.29.7
727 silly placeDep ROOT convert-source-map@2.0.0 OK for: @babel/core@7.29.7 want: ^2.0.0
728 silly placeDep ROOT debug@4.4.3 OK for: @babel/core@7.29.7 want: ^4.1.0
729 silly placeDep ROOT gensync@1.0.0-beta.2 OK for: @babel/core@7.29.7 want: ^1.0.0-beta.2
730 silly placeDep ROOT json5@2.2.3 OK for: @babel/core@7.29.7 want: ^2.2.3
731 silly placeDep ROOT semver@6.3.1 OK for: @babel/core@7.29.7 want: ^6.3.1
732 silly fetch manifest js-tokens@^4.0.0
733 silly packumentCache full:https://registry.npmjs.org/js-tokens cache-miss
734 silly fetch manifest picocolors@^1.1.1
735 silly packumentCache full:https://registry.npmjs.org/picocolors cache-miss
736 silly fetch manifest jsesc@^3.0.2
737 silly packumentCache full:https://registry.npmjs.org/jsesc cache-miss
738 silly fetch manifest lru-cache@^5.1.1
739 silly packumentCache full:https://registry.npmjs.org/lru-cache cache-miss
740 silly fetch manifest browserslist@^4.24.0
741 silly packumentCache full:https://registry.npmjs.org/browserslist cache-miss
742 silly fetch manifest @babel/compat-data@^7.29.7
743 silly packumentCache full:https://registry.npmjs.org/@babel%2fcompat-data cache-miss
744 silly fetch manifest @babel/helper-validator-option@^7.29.7
745 silly packumentCache full:https://registry.npmjs.org/@babel%2fhelper-validator-option cache-miss
746 http fetch GET 200 https://registry.npmjs.org/picocolors 48ms (cache miss)
747 silly packumentCache full:https://registry.npmjs.org/picocolors set size:undefined disposed:false
748 silly fetch manifest @babel/helper-module-imports@^7.29.7
749 silly packumentCache full:https://registry.npmjs.org/@babel%2fhelper-module-imports cache-miss
750 http fetch GET 200 https://registry.npmjs.org/@babel%2fhelper-validator-option 63ms (cache miss)
751 silly packumentCache full:https://registry.npmjs.org/@babel%2fhelper-validator-option set size:undefined disposed:false
752 silly fetch manifest debug@^4.3.1
753 silly packumentCache full:https://registry.npmjs.org/debug cache-miss
754 http fetch GET 200 https://registry.npmjs.org/js-tokens 68ms (cache miss)
755 silly packumentCache full:https://registry.npmjs.org/js-tokens set size:undefined disposed:false
756 silly fetch manifest @babel/helper-globals@^7.29.7
757 silly packumentCache full:https://registry.npmjs.org/@babel%2fhelper-globals cache-miss
758 http fetch GET 200 https://registry.npmjs.org/jsesc 77ms (cache miss)
759 silly packumentCache full:https://registry.npmjs.org/jsesc set size:undefined disposed:false
760 silly fetch manifest ms@^2.1.3
761 silly packumentCache full:https://registry.npmjs.org/ms cache-miss
762 http fetch GET 200 https://registry.npmjs.org/@babel%2fcompat-data 94ms (cache miss)
763 silly packumentCache full:https://registry.npmjs.org/@babel%2fcompat-data set size:undefined disposed:false
764 http cache https://registry.npmjs.org/debug 48ms (cache hit)
765 silly packumentCache full:https://registry.npmjs.org/debug set size:195840 disposed:false
766 http fetch GET 200 https://registry.npmjs.org/lru-cache 128ms (cache miss)
767 silly packumentCache full:https://registry.npmjs.org/lru-cache set size:undefined disposed:false
768 http fetch GET 200 https://registry.npmjs.org/browserslist 137ms (cache miss)
769 silly packumentCache full:https://registry.npmjs.org/browserslist set size:undefined disposed:false
770 http fetch GET 200 https://registry.npmjs.org/@babel%2fhelper-globals 80ms (cache miss)
771 silly packumentCache full:https://registry.npmjs.org/@babel%2fhelper-globals set size:undefined disposed:false
772 http fetch GET 200 https://registry.npmjs.org/@babel%2fhelper-module-imports 103ms (cache miss)
773 silly packumentCache full:https://registry.npmjs.org/@babel%2fhelper-module-imports set size:undefined disposed:false
774 http fetch GET 200 https://registry.npmjs.org/ms 82ms (cache miss)
775 silly packumentCache full:https://registry.npmjs.org/ms set size:undefined disposed:false
776 silly placeDep ROOT @babel/helper-validator-identifier@7.29.7 OK for: @babel/code-frame@7.29.7 want: ^7.29.7
777 silly placeDep ROOT js-tokens@4.0.0 OK for: @babel/code-frame@7.29.7 want: ^4.0.0
778 silly placeDep ROOT picocolors@1.1.1 OK for: @babel/code-frame@7.29.7 want: ^1.1.1
779 silly placeDep ROOT jsesc@3.1.0 OK for: @babel/generator@7.29.8 want: ^3.0.2
780 silly placeDep ROOT @babel/compat-data@7.29.7 OK for: @babel/helper-compilation-targets@7.29.7 want: ^7.29.7
781 silly placeDep ROOT @babel/helper-validator-option@7.29.7 OK for: @babel/helper-compilation-targets@7.29.7 want: ^7.29.7
782 silly placeDep ROOT browserslist@4.28.9 OK for: @babel/helper-compilation-targets@7.29.7 want: ^4.24.0
783 silly placeDep ROOT lru-cache@5.1.1 OK for: @babel/helper-compilation-targets@7.29.7 want: ^5.1.1
784 silly fetch manifest caniuse-lite@^1.0.30001810
785 silly packumentCache full:https://registry.npmjs.org/caniuse-lite cache-miss
786 silly fetch manifest node-releases@^2.0.54
787 silly packumentCache full:https://registry.npmjs.org/node-releases cache-miss
788 silly fetch manifest electron-to-chromium@^1.5.420
789 silly packumentCache full:https://registry.npmjs.org/electron-to-chromium cache-miss
790 silly fetch manifest update-browserslist-db@^1.3.2
791 silly packumentCache full:https://registry.npmjs.org/update-browserslist-db cache-miss
792 silly fetch manifest baseline-browser-mapping@^2.11.20
793 silly packumentCache full:https://registry.npmjs.org/baseline-browser-mapping cache-miss
794 silly fetch manifest yallist@^3.0.2
795 silly packumentCache full:https://registry.npmjs.org/yallist cache-miss
796 http fetch GET 200 https://registry.npmjs.org/yallist 59ms (cache miss)
797 silly packumentCache full:https://registry.npmjs.org/yallist set size:undefined disposed:false
798 http fetch GET 200 https://registry.npmjs.org/update-browserslist-db 74ms (cache miss)
799 silly packumentCache full:https://registry.npmjs.org/update-browserslist-db set size:undefined disposed:false
800 http fetch GET 200 https://registry.npmjs.org/node-releases 84ms (cache miss)
801 silly packumentCache full:https://registry.npmjs.org/node-releases set size:undefined disposed:false
802 http fetch GET 200 https://registry.npmjs.org/baseline-browser-mapping 100ms (cache miss)
803 silly packumentCache full:https://registry.npmjs.org/baseline-browser-mapping set size:undefined disposed:false
804 http fetch GET 200 https://registry.npmjs.org/caniuse-lite 184ms (cache miss)
805 silly packumentCache full:https://registry.npmjs.org/caniuse-lite set size:undefined disposed:false
806 http fetch GET 200 https://registry.npmjs.org/electron-to-chromium 250ms (cache miss)
807 silly packumentCache full:https://registry.npmjs.org/electron-to-chromium set size:undefined disposed:false
808 silly placeDep ROOT @babel/helper-module-imports@7.29.7 OK for: @babel/helper-module-transforms@7.29.7 want: ^7.29.7
809 silly placeDep ROOT @babel/helper-globals@7.29.7 OK for: @babel/traverse@7.29.8 want: ^7.29.7
810 silly placeDep ROOT @babel/helper-string-parser@7.29.7 OK for: @babel/types@7.29.8 want: ^7.29.7
811 silly placeDep ROOT @tanstack/virtual-file-routes@1.162.0 OK for: @tanstack/router-generator@1.167.36 want: 1.162.0
812 silly placeDep ROOT prettier@3.9.6 OK for: @tanstack/router-generator@1.167.36 want: ^3.9.6
813 silly placeDep ROOT ansis@4.4.0 OK for: @tanstack/router-utils@1.162.3 want: ^4.3.1
814 silly placeDep ROOT babel-dead-code-elimination@1.0.12 OK for: @tanstack/router-utils@1.162.3 want: ^1.0.12
815 silly placeDep ROOT diff@8.0.4 OK for: @tanstack/router-utils@1.162.3 want: ^8.0.4
816 silly placeDep ROOT pathe@2.0.3 OK for: @tanstack/router-utils@1.162.3 want: ^2.0.3
817 silly placeDep ROOT tinyglobby@0.2.17 OK for: @tanstack/router-utils@1.162.3 want: ^0.2.17
818 silly fetch manifest fdir@^6.5.0
819 silly packumentCache full:https://registry.npmjs.org/fdir cache-miss
820 http fetch GET 200 https://registry.npmjs.org/fdir 41ms (cache miss)
821 silly packumentCache full:https://registry.npmjs.org/fdir set size:undefined disposed:false
822 silly placeDep ROOT csstype@3.2.3 OK for: @types/react@19.3.0 want: ^3.2.2
823 silly placeDep ROOT @babel/plugin-transform-react-jsx-self@7.29.7 OK for: @vitejs/plugin-react@5.2.0 want: ^7.27.1
824 silly placeDep ROOT @babel/plugin-transform-react-jsx-source@7.29.7 OK for: @vitejs/plugin-react@5.2.0 want: ^7.27.1
825 silly placeDep ROOT @rolldown/pluginutils@1.0.0-rc.3 OK for: @vitejs/plugin-react@5.2.0 want: 1.0.0-rc.3
826 silly placeDep ROOT @types/babel__core@7.20.5 OK for: @vitejs/plugin-react@5.2.0 want: ^7.20.5
827 silly placeDep ROOT react-refresh@0.18.0 OK for: @vitejs/plugin-react@5.2.0 want: ^0.18.0
828 silly fetch manifest @babel/helper-plugin-utils@^7.29.7
829 silly packumentCache full:https://registry.npmjs.org/@babel%2fhelper-plugin-utils cache-miss
830 silly fetch manifest @babel/helper-plugin-utils@^7.29.7
831 silly packumentCache full:https://registry.npmjs.org/@babel%2fhelper-plugin-utils cache-miss
832 silly fetch manifest @types/babel__template@*
833 silly packumentCache full:https://registry.npmjs.org/@types%2fbabel__template cache-miss
834 silly fetch manifest @types/babel__traverse@*
835 silly packumentCache full:https://registry.npmjs.org/@types%2fbabel__traverse cache-miss
836 silly fetch manifest @types/babel__generator@*
837 silly packumentCache full:https://registry.npmjs.org/@types%2fbabel__generator cache-miss
838 http fetch GET 200 https://registry.npmjs.org/@types%2fbabel__generator 57ms (cache miss)
839 silly packumentCache full:https://registry.npmjs.org/@types%2fbabel__generator set size:undefined disposed:false
840 http fetch GET 200 https://registry.npmjs.org/@types%2fbabel__template 59ms (cache miss)
841 silly packumentCache full:https://registry.npmjs.org/@types%2fbabel__template set size:undefined disposed:false
842 http fetch GET 200 https://registry.npmjs.org/@types%2fbabel__traverse 60ms (cache miss)
843 silly packumentCache full:https://registry.npmjs.org/@types%2fbabel__traverse set size:undefined disposed:false
844 http fetch GET 200 https://registry.npmjs.org/@babel%2fhelper-plugin-utils 65ms (cache miss)
845 silly packumentCache full:https://registry.npmjs.org/@babel%2fhelper-plugin-utils set size:undefined disposed:false
846 http fetch GET 200 https://registry.npmjs.org/@babel%2fhelper-plugin-utils 71ms (cache miss)
847 silly packumentCache full:https://registry.npmjs.org/@babel%2fhelper-plugin-utils set size:undefined disposed:false
848 silly placeDep ROOT @babel/helper-plugin-utils@7.29.7 OK for: @babel/plugin-transform-react-jsx-self@7.29.7 want: ^7.29.7
849 silly placeDep ROOT @types/babel__generator@7.27.0 OK for: @types/babel__core@7.20.5 want: *
850 silly placeDep ROOT @types/babel__template@7.4.4 OK for: @types/babel__core@7.20.5 want: *
851 silly placeDep ROOT @types/babel__traverse@7.28.0 OK for: @types/babel__core@7.20.5 want: *
852 silly fetch manifest browserslist@>= 4.21.0
853 silly packumentCache full:https://registry.npmjs.org/browserslist cache-miss
854 http cache https://registry.npmjs.org/browserslist 20ms (cache hit)
855 silly packumentCache full:https://registry.npmjs.org/browserslist set size:521015 disposed:false
856 silly placeDep ROOT baseline-browser-mapping@2.11.23 OK for: browserslist@4.28.9 want: ^2.11.20
857 silly placeDep ROOT caniuse-lite@1.0.30001810 OK for: browserslist@4.28.9 want: ^1.0.30001810
858 silly placeDep ROOT electron-to-chromium@1.5.427 OK for: browserslist@4.28.9 want: ^1.5.420
859 silly placeDep ROOT node-releases@2.0.55 OK for: browserslist@4.28.9 want: ^2.0.54
860 silly placeDep ROOT update-browserslist-db@1.3.3 OK for: browserslist@4.28.9 want: ^1.3.2
861 silly fetch manifest escalade@^3.2.0
862 silly packumentCache full:https://registry.npmjs.org/escalade cache-miss
863 http fetch GET 200 https://registry.npmjs.org/escalade 31ms (cache miss)
864 silly packumentCache full:https://registry.npmjs.org/escalade set size:undefined disposed:false
865 silly placeDep ROOT readdirp@5.1.1 OK for: chokidar@5.0.0 want: ^5.0.0
866 silly placeDep ROOT ms@2.1.3 OK for: debug@4.4.3 want: ^2.1.3
867 silly placeDep ROOT graceful-fs@4.2.11 OK for: enhanced-resolve@5.25.1 want: ^4.2.4
868 silly placeDep ROOT tapable@2.3.3 OK for: enhanced-resolve@5.25.1 want: ^2.3.3
869 silly placeDep ROOT detect-libc@2.1.2 OK for: lightningcss@1.32.0 want: ^2.0.3
870 silly placeDep ROOT lightningcss-android-arm64@1.32.0 OK for: lightningcss@1.32.0 want: 1.32.0
871 silly placeDep ROOT lightningcss-darwin-arm64@1.32.0 OK for: lightningcss@1.32.0 want: 1.32.0
872 silly placeDep ROOT lightningcss-darwin-x64@1.32.0 OK for: lightningcss@1.32.0 want: 1.32.0
873 silly placeDep ROOT lightningcss-freebsd-x64@1.32.0 OK for: lightningcss@1.32.0 want: 1.32.0
874 silly placeDep ROOT lightningcss-linux-arm-gnueabihf@1.32.0 OK for: lightningcss@1.32.0 want: 1.32.0
875 silly placeDep ROOT lightningcss-linux-arm64-gnu@1.32.0 OK for: lightningcss@1.32.0 want: 1.32.0
876 silly placeDep ROOT lightningcss-linux-arm64-musl@1.32.0 OK for: lightningcss@1.32.0 want: 1.32.0
877 silly placeDep ROOT lightningcss-linux-x64-gnu@1.32.0 OK for: lightningcss@1.32.0 want: 1.32.0
878 silly placeDep ROOT lightningcss-linux-x64-musl@1.32.0 OK for: lightningcss@1.32.0 want: 1.32.0
879 silly placeDep ROOT lightningcss-win32-arm64-msvc@1.32.0 OK for: lightningcss@1.32.0 want: 1.32.0
880 silly placeDep ROOT lightningcss-win32-x64-msvc@1.32.0 OK for: lightningcss@1.32.0 want: 1.32.0
881 silly placeDep ROOT yallist@3.1.1 OK for: lru-cache@5.1.1 want: ^3.0.2
882 silly placeDep ROOT scheduler@0.28.0 OK for: react-dom@19.3.0 want: ^0.28.0
883 silly placeDep ROOT fdir@6.5.0 OK for: tinyglobby@0.2.17 want: ^6.5.0
884 silly placeDep ROOT picomatch@4.0.7 OK for: tinyglobby@0.2.17 want: ^4.0.4
885 silly placeDep ROOT webpack-virtual-modules@0.6.2 OK for: unplugin@3.3.0 want: ^0.6.2
886 silly placeDep ROOT escalade@3.2.0 OK for: update-browserslist-db@1.3.3 want: ^3.2.0
887 silly placeDep ROOT fsevents@2.3.3 OK for: vite@8.3.0 want: ~2.3.3
888 silly placeDep node_modules/vite lightningcss@1.33.0 OK for: vite@8.3.0 want: ^1.33.0
889 silly placeDep ROOT postcss@8.5.28 OK for: vite@8.3.0 want: ^8.5.28
890 silly placeDep ROOT rolldown@1.2.8 OK for: vite@8.3.0 want: ~1.2.6
891 silly fetch manifest lightningcss-darwin-x64@1.33.0
892 silly packumentCache full:https://registry.npmjs.org/lightningcss-darwin-x64 cache-miss
893 silly fetch manifest lightningcss-linux-x64-gnu@1.33.0
894 silly packumentCache full:https://registry.npmjs.org/lightningcss-linux-x64-gnu cache-miss
895 silly fetch manifest lightningcss-win32-x64-msvc@1.33.0
896 silly packumentCache full:https://registry.npmjs.org/lightningcss-win32-x64-msvc cache-miss
897 silly fetch manifest lightningcss-win32-arm64-msvc@1.33.0
898 silly packumentCache full:https://registry.npmjs.org/lightningcss-win32-arm64-msvc cache-miss
899 silly fetch manifest lightningcss-darwin-arm64@1.33.0
900 silly packumentCache full:https://registry.npmjs.org/lightningcss-darwin-arm64 cache-miss
901 silly fetch manifest lightningcss-linux-arm64-gnu@1.33.0
902 silly packumentCache full:https://registry.npmjs.org/lightningcss-linux-arm64-gnu cache-miss
903 silly fetch manifest lightningcss-linux-arm-gnueabihf@1.33.0
904 silly packumentCache full:https://registry.npmjs.org/lightningcss-linux-arm-gnueabihf cache-miss
905 http cache https://registry.npmjs.org/lightningcss-darwin-x64 37ms (cache hit)
906 silly packumentCache full:https://registry.npmjs.org/lightningcss-darwin-x64 set size:80374 disposed:false
907 silly fetch manifest lightningcss-linux-arm64-musl@1.33.0
908 silly packumentCache full:https://registry.npmjs.org/lightningcss-linux-arm64-musl cache-miss
909 http cache https://registry.npmjs.org/lightningcss-win32-x64-msvc 41ms (cache hit)
910 silly packumentCache full:https://registry.npmjs.org/lightningcss-win32-x64-msvc set size:81347 disposed:false
911 silly fetch manifest lightningcss-linux-x64-musl@1.33.0
912 silly packumentCache full:https://registry.npmjs.org/lightningcss-linux-x64-musl cache-miss
913 http cache https://registry.npmjs.org/lightningcss-linux-x64-gnu 44ms (cache hit)
914 silly packumentCache full:https://registry.npmjs.org/lightningcss-linux-x64-gnu set size:81819 disposed:false
915 silly fetch manifest lightningcss-freebsd-x64@1.33.0
916 silly packumentCache full:https://registry.npmjs.org/lightningcss-freebsd-x64 cache-miss
917 http cache https://registry.npmjs.org/lightningcss-win32-arm64-msvc 49ms (cache hit)
918 silly packumentCache full:https://registry.npmjs.org/lightningcss-win32-arm64-msvc set size:28346 disposed:false
919 silly fetch manifest lightningcss-android-arm64@1.33.0
920 silly packumentCache full:https://registry.npmjs.org/lightningcss-android-arm64 cache-miss
921 http cache https://registry.npmjs.org/lightningcss-darwin-arm64 51ms (cache hit)
922 silly packumentCache full:https://registry.npmjs.org/lightningcss-darwin-arm64 set size:80970 disposed:false
923 silly fetch manifest nanoid@^3.3.18
924 silly packumentCache full:https://registry.npmjs.org/nanoid cache-miss
925 http cache https://registry.npmjs.org/lightningcss-linux-arm64-gnu 53ms (cache hit)
926 silly packumentCache full:https://registry.npmjs.org/lightningcss-linux-arm64-gnu set size:82397 disposed:false
927 silly fetch manifest @oxc-project/types@=0.149.0
928 silly packumentCache full:https://registry.npmjs.org/@oxc-project%2ftypes cache-miss
929 http cache https://registry.npmjs.org/lightningcss-linux-arm-gnueabihf 57ms (cache hit)
930 silly packumentCache full:https://registry.npmjs.org/lightningcss-linux-arm-gnueabihf set size:82635 disposed:false
931 silly fetch manifest @rolldown/pluginutils@^1.0.0
932 silly packumentCache full:https://registry.npmjs.org/@rolldown%2fpluginutils cache-miss
933 http cache https://registry.npmjs.org/lightningcss-linux-arm64-musl 59ms (cache hit)
934 silly packumentCache full:https://registry.npmjs.org/lightningcss-linux-arm64-musl set size:82617 disposed:false
935 silly fetch manifest @rolldown/binding-darwin-x64@1.2.8
936 silly packumentCache full:https://registry.npmjs.org/@rolldown%2fbinding-darwin-x64 cache-miss
937 http cache https://registry.npmjs.org/lightningcss-linux-x64-musl 59ms (cache hit)
938 silly packumentCache full:https://registry.npmjs.org/lightningcss-linux-x64-musl set size:82032 disposed:false
939 silly fetch manifest @rolldown/binding-freebsd-x64@1.2.8
940 silly packumentCache full:https://registry.npmjs.org/@rolldown%2fbinding-freebsd-x64 cache-miss
941 http cache https://registry.npmjs.org/lightningcss-freebsd-x64 55ms (cache hit)
942 silly packumentCache full:https://registry.npmjs.org/lightningcss-freebsd-x64 set size:44564 disposed:false
943 silly fetch manifest @rolldown/binding-darwin-arm64@1.2.8
944 silly packumentCache full:https://registry.npmjs.org/@rolldown%2fbinding-darwin-arm64 cache-miss
945 http cache https://registry.npmjs.org/lightningcss-android-arm64 64ms (cache hit)
946 silly packumentCache full:https://registry.npmjs.org/lightningcss-android-arm64 set size:9371 disposed:false
947 silly fetch manifest @rolldown/binding-android-arm64@1.2.8
948 silly packumentCache full:https://registry.npmjs.org/@rolldown%2fbinding-android-arm64 cache-miss
949 http cache https://registry.npmjs.org/@rolldown%2fpluginutils 60ms (cache hit)
950 silly packumentCache full:https://registry.npmjs.org/@rolldown%2fpluginutils set size:300388 disposed:false
951 silly fetch manifest @rolldown/binding-linux-x64-gnu@1.2.8
952 silly packumentCache full:https://registry.npmjs.org/@rolldown%2fbinding-linux-x64-gnu cache-miss
953 http fetch GET 200 https://registry.npmjs.org/@oxc-project%2ftypes 110ms (cache miss)
954 silly packumentCache full:https://registry.npmjs.org/@oxc-project%2ftypes set size:undefined disposed:false
955 silly fetch manifest @rolldown/binding-linux-x64-musl@1.2.8
956 silly packumentCache full:https://registry.npmjs.org/@rolldown%2fbinding-linux-x64-musl cache-miss
957 http fetch GET 200 https://registry.npmjs.org/nanoid 143ms (cache miss)
958 silly packumentCache full:https://registry.npmjs.org/nanoid set size:undefined disposed:false
959 silly fetch manifest @rolldown/binding-win32-x64-msvc@1.2.8
960 silly packumentCache full:https://registry.npmjs.org/@rolldown%2fbinding-win32-x64-msvc cache-miss
961 http fetch GET 200 https://registry.npmjs.org/@rolldown%2fbinding-android-arm64 114ms (cache miss)
962 silly packumentCache full:https://registry.npmjs.org/@rolldown%2fbinding-android-arm64 set size:undefined disposed:false
963 silly fetch manifest @rolldown/binding-linux-arm64-gnu@1.2.8
964 silly packumentCache full:https://registry.npmjs.org/@rolldown%2fbinding-linux-arm64-gnu cache-miss
965 http fetch GET 200 https://registry.npmjs.org/@rolldown%2fbinding-freebsd-x64 208ms (cache miss)
966 silly packumentCache full:https://registry.npmjs.org/@rolldown%2fbinding-freebsd-x64 set size:undefined disposed:false
967 silly fetch manifest @rolldown/binding-linux-ppc64-gnu@1.2.8
968 silly packumentCache full:https://registry.npmjs.org/@rolldown%2fbinding-linux-ppc64-gnu cache-miss
969 http fetch GET 200 https://registry.npmjs.org/@rolldown%2fbinding-darwin-x64 238ms (cache miss)
970 silly packumentCache full:https://registry.npmjs.org/@rolldown%2fbinding-darwin-x64 set size:undefined disposed:false
971 silly fetch manifest @rolldown/binding-linux-s390x-gnu@1.2.8
972 silly packumentCache full:https://registry.npmjs.org/@rolldown%2fbinding-linux-s390x-gnu cache-miss
973 http fetch GET 200 https://registry.npmjs.org/@rolldown%2fbinding-darwin-arm64 270ms (cache miss)
974 silly packumentCache full:https://registry.npmjs.org/@rolldown%2fbinding-darwin-arm64 set size:undefined disposed:false
975 silly fetch manifest @rolldown/binding-android-arm-eabi@1.2.8
976 silly packumentCache full:https://registry.npmjs.org/@rolldown%2fbinding-android-arm-eabi cache-miss
977 http fetch GET 200 https://registry.npmjs.org/@rolldown%2fbinding-linux-x64-gnu 270ms (cache miss)
978 silly packumentCache full:https://registry.npmjs.org/@rolldown%2fbinding-linux-x64-gnu set size:undefined disposed:false
979 silly fetch manifest @rolldown/binding-linux-arm64-musl@1.2.8
980 silly packumentCache full:https://registry.npmjs.org/@rolldown%2fbinding-linux-arm64-musl cache-miss
981 http fetch GET 200 https://registry.npmjs.org/@rolldown%2fbinding-linux-ppc64-gnu 79ms (cache miss)
982 silly packumentCache full:https://registry.npmjs.org/@rolldown%2fbinding-linux-ppc64-gnu set size:undefined disposed:false
983 silly fetch manifest @rolldown/binding-win32-arm64-msvc@1.2.8
984 silly packumentCache full:https://registry.npmjs.org/@rolldown%2fbinding-win32-arm64-msvc cache-miss
985 http fetch GET 200 https://registry.npmjs.org/@rolldown%2fbinding-linux-x64-musl 244ms (cache miss)
986 silly packumentCache full:https://registry.npmjs.org/@rolldown%2fbinding-linux-x64-musl set size:undefined disposed:false
987 silly fetch manifest @rolldown/binding-openharmony-arm64@1.2.8
988 silly packumentCache full:https://registry.npmjs.org/@rolldown%2fbinding-openharmony-arm64 cache-miss
989 http fetch GET 200 https://registry.npmjs.org/@rolldown%2fbinding-linux-s390x-gnu 112ms (cache miss)
990 silly packumentCache full:https://registry.npmjs.org/@rolldown%2fbinding-linux-s390x-gnu set size:undefined disposed:false
991 silly fetch manifest @rolldown/binding-linux-arm-gnueabihf@1.2.8
992 silly packumentCache full:https://registry.npmjs.org/@rolldown%2fbinding-linux-arm-gnueabihf cache-miss
993 http fetch GET 200 https://registry.npmjs.org/@rolldown%2fbinding-android-arm-eabi 98ms (cache miss)
994 silly packumentCache full:https://registry.npmjs.org/@rolldown%2fbinding-android-arm-eabi set size:undefined disposed:false
995 http fetch GET 200 https://registry.npmjs.org/@rolldown%2fbinding-win32-x64-msvc 291ms (cache miss)
996 silly packumentCache full:https://registry.npmjs.org/@rolldown%2fbinding-win32-x64-msvc set size:undefined disposed:false
997 http fetch GET 200 https://registry.npmjs.org/@rolldown%2fbinding-linux-arm64-gnu 308ms (cache miss)
998 silly packumentCache full:https://registry.npmjs.org/@rolldown%2fbinding-linux-arm64-gnu set size:undefined disposed:false
999 http fetch GET 200 https://registry.npmjs.org/@rolldown%2fbinding-openharmony-arm64 123ms (cache miss)
1000 silly packumentCache full:https://registry.npmjs.org/@rolldown%2fbinding-openharmony-arm64 set size:undefined disposed:false
1001 http fetch GET 200 https://registry.npmjs.org/@rolldown%2fbinding-win32-arm64-msvc 198ms (cache miss)
1002 silly packumentCache full:https://registry.npmjs.org/@rolldown%2fbinding-win32-arm64-msvc set size:undefined disposed:false
1003 http fetch GET 200 https://registry.npmjs.org/@rolldown%2fbinding-linux-arm64-musl 219ms (cache miss)
1004 silly packumentCache full:https://registry.npmjs.org/@rolldown%2fbinding-linux-arm64-musl set size:undefined disposed:false
1005 http fetch GET 200 https://registry.npmjs.org/@rolldown%2fbinding-linux-arm-gnueabihf 175ms (cache miss)
1006 silly packumentCache full:https://registry.npmjs.org/@rolldown%2fbinding-linux-arm-gnueabihf set size:undefined disposed:false
1007 silly placeDep ROOT nanoid@3.3.19 OK for: postcss@8.5.28 want: ^3.3.18
1008 silly placeDep ROOT @oxc-project/types@0.149.0 OK for: rolldown@1.2.8 want: =0.149.0
1009 silly placeDep ROOT @rolldown/binding-android-arm-eabi@1.2.8 OK for: rolldown@1.2.8 want: 1.2.8
1010 silly placeDep ROOT @rolldown/binding-android-arm64@1.2.8 OK for: rolldown@1.2.8 want: 1.2.8
1011 silly placeDep ROOT @rolldown/binding-darwin-arm64@1.2.8 OK for: rolldown@1.2.8 want: 1.2.8
1012 silly placeDep ROOT @rolldown/binding-darwin-x64@1.2.8 OK for: rolldown@1.2.8 want: 1.2.8
1013 silly placeDep ROOT @rolldown/binding-freebsd-x64@1.2.8 OK for: rolldown@1.2.8 want: 1.2.8
1014 silly placeDep ROOT @rolldown/binding-linux-arm-gnueabihf@1.2.8 OK for: rolldown@1.2.8 want: 1.2.8
1015 silly placeDep ROOT @rolldown/binding-linux-arm64-gnu@1.2.8 OK for: rolldown@1.2.8 want: 1.2.8
1016 silly placeDep ROOT @rolldown/binding-linux-arm64-musl@1.2.8 OK for: rolldown@1.2.8 want: 1.2.8
1017 silly placeDep ROOT @rolldown/binding-linux-ppc64-gnu@1.2.8 OK for: rolldown@1.2.8 want: 1.2.8
1018 silly placeDep ROOT @rolldown/binding-linux-s390x-gnu@1.2.8 OK for: rolldown@1.2.8 want: 1.2.8
1019 silly placeDep ROOT @rolldown/binding-linux-x64-gnu@1.2.8 OK for: rolldown@1.2.8 want: 1.2.8
1020 silly placeDep ROOT @rolldown/binding-linux-x64-musl@1.2.8 OK for: rolldown@1.2.8 want: 1.2.8
1021 silly placeDep ROOT @rolldown/binding-openharmony-arm64@1.2.8 OK for: rolldown@1.2.8 want: 1.2.8
1022 silly placeDep ROOT @rolldown/binding-win32-arm64-msvc@1.2.8 OK for: rolldown@1.2.8 want: 1.2.8
1023 silly placeDep ROOT @rolldown/binding-win32-x64-msvc@1.2.8 OK for: rolldown@1.2.8 want: 1.2.8
1024 silly placeDep node_modules/rolldown @rolldown/pluginutils@1.0.1 OK for: rolldown@1.2.8 want: ^1.0.0
1025 silly placeDep node_modules/vite lightningcss-android-arm64@1.33.0 OK for: lightningcss@1.33.0 want: 1.33.0
1026 silly placeDep node_modules/vite lightningcss-darwin-arm64@1.33.0 OK for: lightningcss@1.33.0 want: 1.33.0
1027 silly placeDep node_modules/vite lightningcss-darwin-x64@1.33.0 OK for: lightningcss@1.33.0 want: 1.33.0
1028 silly placeDep node_modules/vite lightningcss-freebsd-x64@1.33.0 OK for: lightningcss@1.33.0 want: 1.33.0
1029 silly placeDep node_modules/vite lightningcss-linux-arm-gnueabihf@1.33.0 OK for: lightningcss@1.33.0 want: 1.33.0
1030 silly placeDep node_modules/vite lightningcss-linux-arm64-gnu@1.33.0 OK for: lightningcss@1.33.0 want: 1.33.0
1031 silly placeDep node_modules/vite lightningcss-linux-arm64-musl@1.33.0 OK for: lightningcss@1.33.0 want: 1.33.0
1032 silly placeDep node_modules/vite lightningcss-linux-x64-gnu@1.33.0 OK for: lightningcss@1.33.0 want: 1.33.0
1033 silly placeDep node_modules/vite lightningcss-linux-x64-musl@1.33.0 OK for: lightningcss@1.33.0 want: 1.33.0
1034 silly placeDep node_modules/vite lightningcss-win32-arm64-msvc@1.33.0 OK for: lightningcss@1.33.0 want: 1.33.0
1035 silly placeDep node_modules/vite lightningcss-win32-x64-msvc@1.33.0 OK for: lightningcss@1.33.0 want: 1.33.0
1036 silly reify moves {}
1037 silly audit bulk request {
1037 silly audit   '@tailwindcss/vite': [ '4.3.3' ],
1037 silly audit   vite: [ '8.3.0' ],
1037 silly audit   '@tanstack/react-router': [ '1.170.36' ],
1037 silly audit   react: [ '19.3.0' ],
1037 silly audit   'react-dom': [ '19.3.0' ],
1037 silly audit   '@tanstack/router-plugin': [ '1.168.38' ],
1037 silly audit   '@types/react': [ '19.3.0' ],
1037 silly audit   '@types/react-dom': [ '19.3.0' ],
1037 silly audit   '@vitejs/plugin-react': [ '5.2.0' ],
1037 silly audit   tailwindcss: [ '4.3.3' ],
1037 silly audit   typescript: [ '5.9.3' ],
1037 silly audit   '@tailwindcss/node': [ '4.3.3' ],
1037 silly audit   '@tailwindcss/oxide': [ '4.3.3' ],
1037 silly audit   '@jridgewell/remapping': [ '2.3.5' ],
1037 silly audit   'enhanced-resolve': [ '5.25.1' ],
1037 silly audit   jiti: [ '2.7.0' ],
1037 silly audit   lightningcss: [ '1.32.0', '1.33.0' ],
1037 silly audit   'magic-string': [ '0.30.21' ],
1037 silly audit   'source-map-js': [ '1.2.1' ],
1037 silly audit   '@jridgewell/gen-mapping': [ '0.3.13' ],
1037 silly audit   '@jridgewell/trace-mapping': [ '0.3.31' ],
1037 silly audit   '@jridgewell/sourcemap-codec': [ '1.6.0' ],
1037 silly audit   '@jridgewell/resolve-uri': [ '3.1.2' ],
1037 silly audit   '@tailwindcss/oxide-android-arm64': [ '4.3.3' ],
1037 silly audit   '@tailwindcss/oxide-darwin-arm64': [ '4.3.3' ],
1037 silly audit   '@tailwindcss/oxide-darwin-x64': [ '4.3.3' ],
1037 silly audit   '@tailwindcss/oxide-freebsd-x64': [ '4.3.3' ],
1037 silly audit   '@tailwindcss/oxide-linux-arm-gnueabihf': [ '4.3.3' ],
1037 silly audit   '@tailwindcss/oxide-linux-arm64-gnu': [ '4.3.3' ],
1037 silly audit   '@tailwindcss/oxide-linux-arm64-musl': [ '4.3.3' ],
1037 silly audit   '@tailwindcss/oxide-linux-x64-gnu': [ '4.3.3' ],
1037 silly audit   '@tailwindcss/oxide-linux-x64-musl': [ '4.3.3' ],
1037 silly audit   '@tailwindcss/oxide-wasm32-wasi': [ '4.3.3' ],
1037 silly audit   '@tailwindcss/oxide-win32-arm64-msvc': [ '4.3.3' ],
1037 silly audit   '@tailwindcss/oxide-win32-x64-msvc': [ '4.3.3' ],
1037 silly audit   '@tanstack/history': [ '1.162.4' ],
1037 silly audit   '@tanstack/react-store': [ '0.11.1' ],
1037 silly audit   '@tanstack/router-core': [ '1.171.30' ],
1037 silly audit   isbot: [ '5.2.2' ],
1037 silly audit   '@tanstack/store': [ '0.11.1' ],
1037 silly audit   'use-sync-external-store': [ '1.7.0' ],
1037 silly audit   'cookie-es': [ '3.1.1' ],
1037 silly audit   seroval: [ '1.6.7' ],
1037 silly audit   'seroval-plugins': [ '1.6.7' ],
1037 silly audit   '@babel/core': [ '7.29.7' ],
1037 silly audit   '@babel/template': [ '7.29.7' ],
1037 silly audit   '@babel/types': [ '7.29.8' ],
1037 silly audit   '@tanstack/router-generator': [ '1.167.36' ],
1037 silly audit   '@tanstack/router-utils': [ '1.162.3' ],
1037 silly audit   chokidar: [ '5.0.0' ],
1037 silly audit   unplugin: [ '3.3.0' ],
1037 silly audit   zod: [ '4.6.4' ],
1037 silly audit   '@babel/code-frame': [ '7.29.7' ],
1037 silly audit   '@babel/generator': [ '7.29.8' ],
1037 silly audit   '@babel/helper-compilation-targets': [ '7.29.7' ],
1037 silly audit   '@babel/helper-module-transforms': [ '7.29.7' ],
1037 silly audit   '@babel/helpers': [ '7.29.7' ],
1037 silly audit   '@babel/parser': [ '7.29.8' ],
1037 silly audit   '@babel/traverse': [ '7.29.8' ],
1037 silly audit   'convert-source-map': [ '2.0.0' ],
1037 silly audit   debug: [ '4.4.3' ],
1037 silly audit   gensync: [ '1.0.0-beta.2' ],
1037 silly audit   json5: [ '2.2.3' ],
1037 silly audit   semver: [ '6.3.1' ],
1037 silly audit   '@babel/helper-validator-identifier': [ '7.29.7' ],
1037 silly audit   'js-tokens': [ '4.0.0' ],
1037 silly audit   picocolors: [ '1.1.1' ],
1037 silly audit   jsesc: [ '3.1.0' ],
1037 silly audit   '@babel/compat-data': [ '7.29.7' ],
1037 silly audit   '@babel/helper-validator-option': [ '7.29.7' ],
1037 silly audit   browserslist: [ '4.28.9' ],
1037 silly audit   'lru-cache': [ '5.1.1' ],
1037 silly audit   '@babel/helper-module-imports': [ '7.29.7' ],
1037 silly audit   '@babel/helper-globals': [ '7.29.7' ],
1037 silly audit   '@babel/helper-string-parser': [ '7.29.7' ],
1037 silly audit   '@tanstack/virtual-file-routes': [ '1.162.0' ],
1037 silly audit   prettier: [ '3.9.6' ],
1037 silly audit   ansis: [ '4.4.0' ],
1037 silly audit   'babel-dead-code-elimination': [ '1.0.12' ],
1037 silly audit   diff: [ '8.0.4' ],
1037 silly audit   pathe: [ '2.0.3' ],
1037 silly audit   tinyglobby: [ '0.2.17' ],
1037 silly audit   csstype: [ '3.2.3' ],
1037 silly audit   '@babel/plugin-transform-react-jsx-self': [ '7.29.7' ],
1037 silly audit   '@babel/plugin-transform-react-jsx-source': [ '7.29.7' ],
1037 silly audit   '@rolldown/pluginutils': [ '1.0.0-rc.3', '1.0.1' ],
1037 silly audit   '@types/babel__core': [ '7.20.5' ],
1037 silly audit   'react-refresh': [ '0.18.0' ],
1037 silly audit   '@babel/helper-plugin-utils': [ '7.29.7' ],
1037 silly audit   '@types/babel__generator': [ '7.27.0' ],
1037 silly audit   '@types/babel__template': [ '7.4.4' ],
1037 silly audit   '@types/babel__traverse': [ '7.28.0' ],
1037 silly audit   'baseline-browser-mapping': [ '2.11.23' ],
1037 silly audit   'caniuse-lite': [ '1.0.30001810' ],
1037 silly audit   'electron-to-chromium': [ '1.5.427' ],
1037 silly audit   'node-releases': [ '2.0.55' ],
1037 silly audit   'update-browserslist-db': [ '1.3.3' ],
1037 silly audit   readdirp: [ '5.1.1' ],
1037 silly audit   ms: [ '2.1.3' ],
1037 silly audit   'graceful-fs': [ '4.2.11' ],
1037 silly audit   tapable: [ '2.3.3' ],
1037 silly audit   'detect-libc': [ '2.1.2' ],
1037 silly audit   'lightningcss-android-arm64': [ '1.32.0', '1.33.0' ],
1037 silly audit   'lightningcss-darwin-arm64': [ '1.32.0', '1.33.0' ],
1037 silly audit   'lightningcss-darwin-x64': [ '1.32.0', '1.33.0' ],
1037 silly audit   'lightningcss-freebsd-x64': [ '1.32.0', '1.33.0' ],
1037 silly audit   'lightningcss-linux-arm-gnueabihf': [ '1.32.0', '1.33.0' ],
1037 silly audit   'lightningcss-linux-arm64-gnu': [ '1.32.0', '1.33.0' ],
1037 silly audit   'lightningcss-linux-arm64-musl': [ '1.32.0', '1.33.0' ],
1037 silly audit   'lightningcss-linux-x64-gnu': [ '1.32.0', '1.33.0' ],
1037 silly audit   'lightningcss-linux-x64-musl': [ '1.32.0', '1.33.0' ],
1037 silly audit   'lightningcss-win32-arm64-msvc': [ '1.32.0', '1.33.0' ],
1037 silly audit   'lightningcss-win32-x64-msvc': [ '1.32.0', '1.33.0' ],
1037 silly audit   yallist: [ '3.1.1' ],
1037 silly audit   scheduler: [ '0.28.0' ],
1037 silly audit   fdir: [ '6.5.0' ],
1037 silly audit   picomatch: [ '4.0.7' ],
1037 silly audit   'webpack-virtual-modules': [ '0.6.2' ],
1037 silly audit   escalade: [ '3.2.0' ],
1037 silly audit   fsevents: [ '2.3.3' ],
1037 silly audit   postcss: [ '8.5.28' ],
1037 silly audit   rolldown: [ '1.2.8' ],
1037 silly audit   nanoid: [ '3.3.19' ],
1037 silly audit   '@oxc-project/types': [ '0.149.0' ],
1037 silly audit   '@rolldown/binding-android-arm-eabi': [ '1.2.8' ],
1037 silly audit   '@rolldown/binding-android-arm64': [ '1.2.8' ],
1037 silly audit   '@rolldown/binding-darwin-arm64': [ '1.2.8' ],
1037 silly audit   '@rolldown/binding-darwin-x64': [ '1.2.8' ],
1037 silly audit   '@rolldown/binding-freebsd-x64': [ '1.2.8' ],
1037 silly audit   '@rolldown/binding-linux-arm-gnueabihf': [ '1.2.8' ],
1037 silly audit   '@rolldown/binding-linux-arm64-gnu': [ '1.2.8' ],
1037 silly audit   '@rolldown/binding-linux-arm64-musl': [ '1.2.8' ],
1037 silly audit   '@rolldown/binding-linux-ppc64-gnu': [ '1.2.8' ],
1037 silly audit   '@rolldown/binding-linux-s390x-gnu': [ '1.2.8' ],
1037 silly audit   '@rolldown/binding-linux-x64-gnu': [ '1.2.8' ],
1037 silly audit   '@rolldown/binding-linux-x64-musl': [ '1.2.8' ],
1037 silly audit   '@rolldown/binding-openharmony-arm64': [ '1.2.8' ],
1037 silly audit   '@rolldown/binding-win32-arm64-msvc': [ '1.2.8' ],
1037 silly audit   '@rolldown/binding-win32-x64-msvc': [ '1.2.8' ]
1037 silly audit }
1038 http cache @oxc-project/types@https://registry.npmjs.org/@oxc-project/types/-/types-0.149.0.tgz 1ms (cache hit)
1039 http cache @rolldown/binding-linux-x64-gnu@https://registry.npmjs.org/@rolldown/binding-linux-x64-gnu/-/binding-linux-x64-gnu-1.2.8.tgz 0ms (cache hit)
1040 http cache rolldown@https://registry.npmjs.org/rolldown/-/rolldown-1.2.8.tgz 0ms (cache hit)
1041 http cache nanoid@https://registry.npmjs.org/nanoid/-/nanoid-3.3.19.tgz 0ms (cache hit)
1042 http cache postcss@https://registry.npmjs.org/postcss/-/postcss-8.5.28.tgz 0ms (cache hit)
1043 http cache escalade@https://registry.npmjs.org/escalade/-/escalade-3.2.0.tgz 0ms (cache hit)
1044 http cache picomatch@https://registry.npmjs.org/picomatch/-/picomatch-4.0.7.tgz 0ms (cache hit)
1045 http cache webpack-virtual-modules@https://registry.npmjs.org/webpack-virtual-modules/-/webpack-virtual-modules-0.6.2.tgz 0ms (cache hit)
1046 http cache fdir@https://registry.npmjs.org/fdir/-/fdir-6.5.0.tgz 0ms (cache hit)
1047 http cache scheduler@https://registry.npmjs.org/scheduler/-/scheduler-0.28.0.tgz 0ms (cache hit)
1048 http cache yallist@https://registry.npmjs.org/yallist/-/yallist-3.1.1.tgz 0ms (cache hit)
1049 http cache lightningcss-linux-x64-gnu@https://registry.npmjs.org/lightningcss-linux-x64-gnu/-/lightningcss-linux-x64-gnu-1.32.0.tgz 0ms (cache hit)
1050 http cache detect-libc@https://registry.npmjs.org/detect-libc/-/detect-libc-2.1.2.tgz 0ms (cache hit)
1051 http cache tapable@https://registry.npmjs.org/tapable/-/tapable-2.3.3.tgz 0ms (cache hit)
1052 http cache graceful-fs@https://registry.npmjs.org/graceful-fs/-/graceful-fs-4.2.11.tgz 0ms (cache hit)
1053 http cache ms@https://registry.npmjs.org/ms/-/ms-2.1.3.tgz 0ms (cache hit)
1054 http cache readdirp@https://registry.npmjs.org/readdirp/-/readdirp-5.1.1.tgz 0ms (cache hit)
1055 http cache update-browserslist-db@https://registry.npmjs.org/update-browserslist-db/-/update-browserslist-db-1.3.3.tgz 0ms (cache hit)
1056 http cache node-releases@https://registry.npmjs.org/node-releases/-/node-releases-2.0.55.tgz 0ms (cache hit)
1057 http cache electron-to-chromium@https://registry.npmjs.org/electron-to-chromium/-/electron-to-chromium-1.5.427.tgz 1ms (cache hit)
1058 http cache caniuse-lite@https://registry.npmjs.org/caniuse-lite/-/caniuse-lite-1.0.30001810.tgz 0ms (cache hit)
1059 http cache baseline-browser-mapping@https://registry.npmjs.org/baseline-browser-mapping/-/baseline-browser-mapping-2.11.23.tgz 0ms (cache hit)
1060 http cache @types/babel__traverse@https://registry.npmjs.org/@types/babel__traverse/-/babel__traverse-7.28.0.tgz 0ms (cache hit)
1061 http cache @types/babel__template@https://registry.npmjs.org/@types/babel__template/-/babel__template-7.4.4.tgz 0ms (cache hit)
1062 http cache @babel/helper-plugin-utils@https://registry.npmjs.org/@babel/helper-plugin-utils/-/helper-plugin-utils-7.29.7.tgz 0ms (cache hit)
1063 http cache @types/babel__generator@https://registry.npmjs.org/@types/babel__generator/-/babel__generator-7.27.0.tgz 0ms (cache hit)
1064 http cache react-refresh@https://registry.npmjs.org/react-refresh/-/react-refresh-0.18.0.tgz 0ms (cache hit)
1065 http cache @types/babel__core@https://registry.npmjs.org/@types/babel__core/-/babel__core-7.20.5.tgz 0ms (cache hit)
1066 http cache @rolldown/pluginutils@https://registry.npmjs.org/@rolldown/pluginutils/-/pluginutils-1.0.0-rc.3.tgz 0ms (cache hit)
1067 http cache @babel/plugin-transform-react-jsx-source@https://registry.npmjs.org/@babel/plugin-transform-react-jsx-source/-/plugin-transform-react-jsx-source-7.29.7.tgz 0ms (cache hit)
1068 http cache @babel/plugin-transform-react-jsx-self@https://registry.npmjs.org/@babel/plugin-transform-react-jsx-self/-/plugin-transform-react-jsx-self-7.29.7.tgz 0ms (cache hit)
1069 http cache csstype@https://registry.npmjs.org/csstype/-/csstype-3.2.3.tgz 0ms (cache hit)
1070 http cache tinyglobby@https://registry.npmjs.org/tinyglobby/-/tinyglobby-0.2.17.tgz 0ms (cache hit)
1071 http cache pathe@https://registry.npmjs.org/pathe/-/pathe-2.0.3.tgz 0ms (cache hit)
1072 http cache babel-dead-code-elimination@https://registry.npmjs.org/babel-dead-code-elimination/-/babel-dead-code-elimination-1.0.12.tgz 0ms (cache hit)
1073 http cache diff@https://registry.npmjs.org/diff/-/diff-8.0.4.tgz 0ms (cache hit)
1074 http cache ansis@https://registry.npmjs.org/ansis/-/ansis-4.4.0.tgz 0ms (cache hit)
1075 http cache prettier@https://registry.npmjs.org/prettier/-/prettier-3.9.6.tgz 0ms (cache hit)
1076 http cache @babel/helper-globals@https://registry.npmjs.org/@babel/helper-globals/-/helper-globals-7.29.7.tgz 0ms (cache hit)
1077 http cache @babel/helper-string-parser@https://registry.npmjs.org/@babel/helper-string-parser/-/helper-string-parser-7.29.7.tgz 0ms (cache hit)
1078 http cache @tanstack/virtual-file-routes@https://registry.npmjs.org/@tanstack/virtual-file-routes/-/virtual-file-routes-1.162.0.tgz 0ms (cache hit)
1079 http cache browserslist@https://registry.npmjs.org/browserslist/-/browserslist-4.28.9.tgz 0ms (cache hit)
1080 http cache @babel/helper-validator-option@https://registry.npmjs.org/@babel/helper-validator-option/-/helper-validator-option-7.29.7.tgz 0ms (cache hit)
1081 http cache lru-cache@https://registry.npmjs.org/lru-cache/-/lru-cache-5.1.1.tgz 0ms (cache hit)
1082 http cache @babel/helper-module-imports@https://registry.npmjs.org/@babel/helper-module-imports/-/helper-module-imports-7.29.7.tgz 0ms (cache hit)
1083 http cache @babel/compat-data@https://registry.npmjs.org/@babel/compat-data/-/compat-data-7.29.7.tgz 0ms (cache hit)
1084 http cache jsesc@https://registry.npmjs.org/jsesc/-/jsesc-3.1.0.tgz 0ms (cache hit)
1085 http cache picocolors@https://registry.npmjs.org/picocolors/-/picocolors-1.1.1.tgz 0ms (cache hit)
1086 http cache js-tokens@https://registry.npmjs.org/js-tokens/-/js-tokens-4.0.0.tgz 0ms (cache hit)
1087 http cache @babel/helper-validator-identifier@https://registry.npmjs.org/@babel/helper-validator-identifier/-/helper-validator-identifier-7.29.7.tgz 0ms (cache hit)
1088 http cache semver@https://registry.npmjs.org/semver/-/semver-6.3.1.tgz 0ms (cache hit)
1089 http cache json5@https://registry.npmjs.org/json5/-/json5-2.2.3.tgz 0ms (cache hit)
1090 http cache gensync@https://registry.npmjs.org/gensync/-/gensync-1.0.0-beta.2.tgz 0ms (cache hit)
1091 http cache debug@https://registry.npmjs.org/debug/-/debug-4.4.3.tgz 0ms (cache hit)
1092 http cache convert-source-map@https://registry.npmjs.org/convert-source-map/-/convert-source-map-2.0.0.tgz 0ms (cache hit)
1093 http cache @babel/traverse@https://registry.npmjs.org/@babel/traverse/-/traverse-7.29.8.tgz 0ms (cache hit)
1094 http cache @babel/helpers@https://registry.npmjs.org/@babel/helpers/-/helpers-7.29.7.tgz 0ms (cache hit)
1095 http cache @babel/parser@https://registry.npmjs.org/@babel/parser/-/parser-7.29.8.tgz 0ms (cache hit)
1096 http cache @babel/helper-module-transforms@https://registry.npmjs.org/@babel/helper-module-transforms/-/helper-module-transforms-7.29.7.tgz 0ms (cache hit)
1097 http cache @babel/helper-compilation-targets@https://registry.npmjs.org/@babel/helper-compilation-targets/-/helper-compilation-targets-7.29.7.tgz 0ms (cache hit)
1098 http cache @babel/generator@https://registry.npmjs.org/@babel/generator/-/generator-7.29.8.tgz 0ms (cache hit)
1099 http cache @babel/code-frame@https://registry.npmjs.org/@babel/code-frame/-/code-frame-7.29.7.tgz 0ms (cache hit)
1100 http cache zod@https://registry.npmjs.org/zod/-/zod-4.6.4.tgz 0ms (cache hit)
1101 http cache unplugin@https://registry.npmjs.org/unplugin/-/unplugin-3.3.0.tgz 0ms (cache hit)
1102 http cache chokidar@https://registry.npmjs.org/chokidar/-/chokidar-5.0.0.tgz 0ms (cache hit)
1103 http cache @tanstack/router-utils@https://registry.npmjs.org/@tanstack/router-utils/-/router-utils-1.162.3.tgz 0ms (cache hit)
1104 http cache @tanstack/router-generator@https://registry.npmjs.org/@tanstack/router-generator/-/router-generator-1.167.36.tgz 0ms (cache hit)
1105 http cache @babel/template@https://registry.npmjs.org/@babel/template/-/template-7.29.7.tgz 0ms (cache hit)
1106 http cache @babel/types@https://registry.npmjs.org/@babel/types/-/types-7.29.8.tgz 0ms (cache hit)
1107 http cache @babel/core@https://registry.npmjs.org/@babel/core/-/core-7.29.7.tgz 0ms (cache hit)
1108 http cache seroval-plugins@https://registry.npmjs.org/seroval-plugins/-/seroval-plugins-1.6.7.tgz 0ms (cache hit)
1109 http cache seroval@https://registry.npmjs.org/seroval/-/seroval-1.6.7.tgz 0ms (cache hit)
1110 http cache use-sync-external-store@https://registry.npmjs.org/use-sync-external-store/-/use-sync-external-store-1.7.0.tgz 0ms (cache hit)
1111 http cache cookie-es@https://registry.npmjs.org/cookie-es/-/cookie-es-3.1.1.tgz 0ms (cache hit)
1112 http cache @tanstack/store@https://registry.npmjs.org/@tanstack/store/-/store-0.11.1.tgz 0ms (cache hit)
1113 http cache isbot@https://registry.npmjs.org/isbot/-/isbot-5.2.2.tgz 0ms (cache hit)
1114 http cache @tanstack/router-core@https://registry.npmjs.org/@tanstack/router-core/-/router-core-1.171.30.tgz 0ms (cache hit)
1115 http cache @tanstack/history@https://registry.npmjs.org/@tanstack/history/-/history-1.162.4.tgz 0ms (cache hit)
1116 http cache @tanstack/react-store@https://registry.npmjs.org/@tanstack/react-store/-/react-store-0.11.1.tgz 0ms (cache hit)
1117 http cache @tailwindcss/oxide-linux-x64-gnu@https://registry.npmjs.org/@tailwindcss/oxide-linux-x64-gnu/-/oxide-linux-x64-gnu-4.3.3.tgz 0ms (cache hit)
1118 http cache @jridgewell/resolve-uri@https://registry.npmjs.org/@jridgewell/resolve-uri/-/resolve-uri-3.1.2.tgz 1ms (cache hit)
1119 http cache @jridgewell/trace-mapping@https://registry.npmjs.org/@jridgewell/trace-mapping/-/trace-mapping-0.3.31.tgz 0ms (cache hit)
1120 http cache @jridgewell/gen-mapping@https://registry.npmjs.org/@jridgewell/gen-mapping/-/gen-mapping-0.3.13.tgz 0ms (cache hit)
1121 http cache @jridgewell/sourcemap-codec@https://registry.npmjs.org/@jridgewell/sourcemap-codec/-/sourcemap-codec-1.6.0.tgz 0ms (cache hit)
1122 http cache source-map-js@https://registry.npmjs.org/source-map-js/-/source-map-js-1.2.1.tgz 0ms (cache hit)
1123 http cache lightningcss@https://registry.npmjs.org/lightningcss/-/lightningcss-1.32.0.tgz 0ms (cache hit)
1124 http cache magic-string@https://registry.npmjs.org/magic-string/-/magic-string-0.30.21.tgz 0ms (cache hit)
1125 http cache jiti@https://registry.npmjs.org/jiti/-/jiti-2.7.0.tgz 0ms (cache hit)
1126 http cache enhanced-resolve@https://registry.npmjs.org/enhanced-resolve/-/enhanced-resolve-5.25.1.tgz 0ms (cache hit)
1127 http cache @tailwindcss/oxide@https://registry.npmjs.org/@tailwindcss/oxide/-/oxide-4.3.3.tgz 0ms (cache hit)
1128 http cache @tailwindcss/node@https://registry.npmjs.org/@tailwindcss/node/-/node-4.3.3.tgz 0ms (cache hit)
1129 http cache typescript@https://registry.npmjs.org/typescript/-/typescript-5.9.3.tgz 0ms (cache hit)
1130 http cache tailwindcss@https://registry.npmjs.org/tailwindcss/-/tailwindcss-4.3.3.tgz 0ms (cache hit)
1131 http cache @vitejs/plugin-react@https://registry.npmjs.org/@vitejs/plugin-react/-/plugin-react-5.2.0.tgz 0ms (cache hit)
1132 http cache @types/react-dom@https://registry.npmjs.org/@types/react-dom/-/react-dom-19.3.0.tgz 0ms (cache hit)
1133 http cache @types/react@https://registry.npmjs.org/@types/react/-/react-19.3.0.tgz 0ms (cache hit)
1134 http cache @tanstack/router-plugin@https://registry.npmjs.org/@tanstack/router-plugin/-/router-plugin-1.168.38.tgz 0ms (cache hit)
1135 http cache react@https://registry.npmjs.org/react/-/react-19.3.0.tgz 0ms (cache hit)
1136 http cache react-dom@https://registry.npmjs.org/react-dom/-/react-dom-19.3.0.tgz 0ms (cache hit)
1137 http cache @tanstack/react-router@https://registry.npmjs.org/@tanstack/react-router/-/react-router-1.170.36.tgz 0ms (cache hit)
1138 http cache vite@https://registry.npmjs.org/vite/-/vite-8.3.0.tgz 0ms (cache hit)
1139 http cache @jridgewell/remapping@https://registry.npmjs.org/@jridgewell/remapping/-/remapping-2.3.5.tgz 0ms (cache hit)
1140 http cache @tailwindcss/vite@https://registry.npmjs.org/@tailwindcss/vite/-/vite-4.3.3.tgz 0ms (cache hit)
1141 http cache lightningcss-linux-x64-gnu@https://registry.npmjs.org/lightningcss-linux-x64-gnu/-/lightningcss-linux-x64-gnu-1.33.0.tgz 0ms (cache hit)
1142 http cache lightningcss@https://registry.npmjs.org/lightningcss/-/lightningcss-1.33.0.tgz 0ms (cache hit)
1143 silly tarball no local data for @oxc-project/types@https://registry.npmjs.org/@oxc-project/types/-/types-0.149.0.tgz. Extracting by manifest.
1144 silly tarball no local data for @rolldown/binding-linux-x64-gnu@https://registry.npmjs.org/@rolldown/binding-linux-x64-gnu/-/binding-linux-x64-gnu-1.2.8.tgz. Extracting by manifest.
1145 silly tarball no local data for rolldown@https://registry.npmjs.org/rolldown/-/rolldown-1.2.8.tgz. Extracting by manifest.
1146 silly tarball no local data for nanoid@https://registry.npmjs.org/nanoid/-/nanoid-3.3.19.tgz. Extracting by manifest.
1147 silly tarball no local data for postcss@https://registry.npmjs.org/postcss/-/postcss-8.5.28.tgz. Extracting by manifest.
1148 http cache @rolldown/pluginutils@https://registry.npmjs.org/@rolldown/pluginutils/-/pluginutils-1.0.1.tgz 0ms (cache hit)
1149 silly tarball no local data for escalade@https://registry.npmjs.org/escalade/-/escalade-3.2.0.tgz. Extracting by manifest.
1150 silly tarball no local data for picomatch@https://registry.npmjs.org/picomatch/-/picomatch-4.0.7.tgz. Extracting by manifest.
1151 silly tarball no local data for webpack-virtual-modules@https://registry.npmjs.org/webpack-virtual-modules/-/webpack-virtual-modules-0.6.2.tgz. Extracting by manifest.
1152 silly tarball no local data for fdir@https://registry.npmjs.org/fdir/-/fdir-6.5.0.tgz. Extracting by manifest.
1153 silly tarball no local data for scheduler@https://registry.npmjs.org/scheduler/-/scheduler-0.28.0.tgz. Extracting by manifest.
1154 silly tarball no local data for yallist@https://registry.npmjs.org/yallist/-/yallist-3.1.1.tgz. Extracting by manifest.
1155 silly tarball no local data for lightningcss-linux-x64-gnu@https://registry.npmjs.org/lightningcss-linux-x64-gnu/-/lightningcss-linux-x64-gnu-1.32.0.tgz. Extracting by manifest.
1156 silly tarball no local data for detect-libc@https://registry.npmjs.org/detect-libc/-/detect-libc-2.1.2.tgz. Extracting by manifest.
1157 silly tarball no local data for tapable@https://registry.npmjs.org/tapable/-/tapable-2.3.3.tgz. Extracting by manifest.
1158 silly tarball no local data for graceful-fs@https://registry.npmjs.org/graceful-fs/-/graceful-fs-4.2.11.tgz. Extracting by manifest.
1159 silly tarball no local data for ms@https://registry.npmjs.org/ms/-/ms-2.1.3.tgz. Extracting by manifest.
1160 silly tarball no local data for readdirp@https://registry.npmjs.org/readdirp/-/readdirp-5.1.1.tgz. Extracting by manifest.
1161 silly tarball no local data for update-browserslist-db@https://registry.npmjs.org/update-browserslist-db/-/update-browserslist-db-1.3.3.tgz. Extracting by manifest.
1162 silly tarball no local data for node-releases@https://registry.npmjs.org/node-releases/-/node-releases-2.0.55.tgz. Extracting by manifest.
1163 silly tarball no local data for electron-to-chromium@https://registry.npmjs.org/electron-to-chromium/-/electron-to-chromium-1.5.427.tgz. Extracting by manifest.
1164 silly tarball no local data for caniuse-lite@https://registry.npmjs.org/caniuse-lite/-/caniuse-lite-1.0.30001810.tgz. Extracting by manifest.
1165 silly tarball no local data for baseline-browser-mapping@https://registry.npmjs.org/baseline-browser-mapping/-/baseline-browser-mapping-2.11.23.tgz. Extracting by manifest.
1166 silly tarball no local data for @types/babel__traverse@https://registry.npmjs.org/@types/babel__traverse/-/babel__traverse-7.28.0.tgz. Extracting by manifest.
1167 silly tarball no local data for @types/babel__template@https://registry.npmjs.org/@types/babel__template/-/babel__template-7.4.4.tgz. Extracting by manifest.
1168 silly tarball no local data for @babel/helper-plugin-utils@https://registry.npmjs.org/@babel/helper-plugin-utils/-/helper-plugin-utils-7.29.7.tgz. Extracting by manifest.
1169 silly tarball no local data for @types/babel__generator@https://registry.npmjs.org/@types/babel__generator/-/babel__generator-7.27.0.tgz. Extracting by manifest.
1170 silly tarball no local data for react-refresh@https://registry.npmjs.org/react-refresh/-/react-refresh-0.18.0.tgz. Extracting by manifest.
1171 silly tarball no local data for @types/babel__core@https://registry.npmjs.org/@types/babel__core/-/babel__core-7.20.5.tgz. Extracting by manifest.
1172 silly tarball no local data for @rolldown/pluginutils@https://registry.npmjs.org/@rolldown/pluginutils/-/pluginutils-1.0.0-rc.3.tgz. Extracting by manifest.
1173 silly tarball no local data for @babel/plugin-transform-react-jsx-source@https://registry.npmjs.org/@babel/plugin-transform-react-jsx-source/-/plugin-transform-react-jsx-source-7.29.7.tgz. Extracting by manifest.
1174 silly tarball no local data for @babel/plugin-transform-react-jsx-self@https://registry.npmjs.org/@babel/plugin-transform-react-jsx-self/-/plugin-transform-react-jsx-self-7.29.7.tgz. Extracting by manifest.
1175 silly tarball no local data for csstype@https://registry.npmjs.org/csstype/-/csstype-3.2.3.tgz. Extracting by manifest.
1176 silly tarball no local data for tinyglobby@https://registry.npmjs.org/tinyglobby/-/tinyglobby-0.2.17.tgz. Extracting by manifest.
1177 silly tarball no local data for pathe@https://registry.npmjs.org/pathe/-/pathe-2.0.3.tgz. Extracting by manifest.
1178 silly tarball no local data for babel-dead-code-elimination@https://registry.npmjs.org/babel-dead-code-elimination/-/babel-dead-code-elimination-1.0.12.tgz. Extracting by manifest.
1179 silly tarball no local data for diff@https://registry.npmjs.org/diff/-/diff-8.0.4.tgz. Extracting by manifest.
1180 silly tarball no local data for ansis@https://registry.npmjs.org/ansis/-/ansis-4.4.0.tgz. Extracting by manifest.
1181 silly tarball no local data for prettier@https://registry.npmjs.org/prettier/-/prettier-3.9.6.tgz. Extracting by manifest.
1182 silly tarball no local data for @babel/helper-globals@https://registry.npmjs.org/@babel/helper-globals/-/helper-globals-7.29.7.tgz. Extracting by manifest.
1183 silly tarball no local data for @babel/helper-string-parser@https://registry.npmjs.org/@babel/helper-string-parser/-/helper-string-parser-7.29.7.tgz. Extracting by manifest.
1184 silly tarball no local data for @tanstack/virtual-file-routes@https://registry.npmjs.org/@tanstack/virtual-file-routes/-/virtual-file-routes-1.162.0.tgz. Extracting by manifest.
1185 silly tarball no local data for browserslist@https://registry.npmjs.org/browserslist/-/browserslist-4.28.9.tgz. Extracting by manifest.
1186 silly tarball no local data for @babel/helper-validator-option@https://registry.npmjs.org/@babel/helper-validator-option/-/helper-validator-option-7.29.7.tgz. Extracting by manifest.
1187 silly tarball no local data for lru-cache@https://registry.npmjs.org/lru-cache/-/lru-cache-5.1.1.tgz. Extracting by manifest.
1188 silly tarball no local data for @babel/helper-module-imports@https://registry.npmjs.org/@babel/helper-module-imports/-/helper-module-imports-7.29.7.tgz. Extracting by manifest.
1189 silly tarball no local data for @babel/compat-data@https://registry.npmjs.org/@babel/compat-data/-/compat-data-7.29.7.tgz. Extracting by manifest.
1190 silly tarball no local data for jsesc@https://registry.npmjs.org/jsesc/-/jsesc-3.1.0.tgz. Extracting by manifest.
1191 silly tarball no local data for picocolors@https://registry.npmjs.org/picocolors/-/picocolors-1.1.1.tgz. Extracting by manifest.
1192 silly tarball no local data for js-tokens@https://registry.npmjs.org/js-tokens/-/js-tokens-4.0.0.tgz. Extracting by manifest.
1193 silly tarball no local data for @babel/helper-validator-identifier@https://registry.npmjs.org/@babel/helper-validator-identifier/-/helper-validator-identifier-7.29.7.tgz. Extracting by manifest.
1194 silly tarball no local data for semver@https://registry.npmjs.org/semver/-/semver-6.3.1.tgz. Extracting by manifest.
1195 silly tarball no local data for json5@https://registry.npmjs.org/json5/-/json5-2.2.3.tgz. Extracting by manifest.
1196 silly tarball no local data for gensync@https://registry.npmjs.org/gensync/-/gensync-1.0.0-beta.2.tgz. Extracting by manifest.
1197 silly tarball no local data for debug@https://registry.npmjs.org/debug/-/debug-4.4.3.tgz. Extracting by manifest.
1198 silly tarball no local data for convert-source-map@https://registry.npmjs.org/convert-source-map/-/convert-source-map-2.0.0.tgz. Extracting by manifest.
1199 silly tarball no local data for @babel/traverse@https://registry.npmjs.org/@babel/traverse/-/traverse-7.29.8.tgz. Extracting by manifest.
1200 silly tarball no local data for @babel/helpers@https://registry.npmjs.org/@babel/helpers/-/helpers-7.29.7.tgz. Extracting by manifest.
1201 silly tarball no local data for @babel/parser@https://registry.npmjs.org/@babel/parser/-/parser-7.29.8.tgz. Extracting by manifest.
1202 silly tarball no local data for @babel/helper-module-transforms@https://registry.npmjs.org/@babel/helper-module-transforms/-/helper-module-transforms-7.29.7.tgz. Extracting by manifest.
1203 silly tarball no local data for @babel/helper-compilation-targets@https://registry.npmjs.org/@babel/helper-compilation-targets/-/helper-compilation-targets-7.29.7.tgz. Extracting by manifest.
1204 silly tarball no local data for @babel/generator@https://registry.npmjs.org/@babel/generator/-/generator-7.29.8.tgz. Extracting by manifest.
1205 silly tarball no local data for @babel/code-frame@https://registry.npmjs.org/@babel/code-frame/-/code-frame-7.29.7.tgz. Extracting by manifest.
1206 silly tarball no local data for zod@https://registry.npmjs.org/zod/-/zod-4.6.4.tgz. Extracting by manifest.
1207 silly tarball no local data for unplugin@https://registry.npmjs.org/unplugin/-/unplugin-3.3.0.tgz. Extracting by manifest.
1208 silly tarball no local data for chokidar@https://registry.npmjs.org/chokidar/-/chokidar-5.0.0.tgz. Extracting by manifest.
1209 silly tarball no local data for @tanstack/router-utils@https://registry.npmjs.org/@tanstack/router-utils/-/router-utils-1.162.3.tgz. Extracting by manifest.
1210 silly tarball no local data for @tanstack/router-generator@https://registry.npmjs.org/@tanstack/router-generator/-/router-generator-1.167.36.tgz. Extracting by manifest.
1211 silly tarball no local data for @babel/template@https://registry.npmjs.org/@babel/template/-/template-7.29.7.tgz. Extracting by manifest.
1212 silly tarball no local data for @babel/types@https://registry.npmjs.org/@babel/types/-/types-7.29.8.tgz. Extracting by manifest.
1213 silly tarball no local data for @babel/core@https://registry.npmjs.org/@babel/core/-/core-7.29.7.tgz. Extracting by manifest.
1214 silly tarball no local data for seroval-plugins@https://registry.npmjs.org/seroval-plugins/-/seroval-plugins-1.6.7.tgz. Extracting by manifest.
1215 silly tarball no local data for seroval@https://registry.npmjs.org/seroval/-/seroval-1.6.7.tgz. Extracting by manifest.
1216 silly tarball no local data for use-sync-external-store@https://registry.npmjs.org/use-sync-external-store/-/use-sync-external-store-1.7.0.tgz. Extracting by manifest.
1217 silly tarball no local data for cookie-es@https://registry.npmjs.org/cookie-es/-/cookie-es-3.1.1.tgz. Extracting by manifest.
1218 silly tarball no local data for @tanstack/store@https://registry.npmjs.org/@tanstack/store/-/store-0.11.1.tgz. Extracting by manifest.
1219 silly tarball no local data for isbot@https://registry.npmjs.org/isbot/-/isbot-5.2.2.tgz. Extracting by manifest.
1220 silly tarball no local data for @tanstack/router-core@https://registry.npmjs.org/@tanstack/router-core/-/router-core-1.171.30.tgz. Extracting by manifest.
1221 silly tarball no local data for @tanstack/history@https://registry.npmjs.org/@tanstack/history/-/history-1.162.4.tgz. Extracting by manifest.
1222 silly tarball no local data for @tanstack/react-store@https://registry.npmjs.org/@tanstack/react-store/-/react-store-0.11.1.tgz. Extracting by manifest.
1223 silly tarball no local data for @tailwindcss/oxide-linux-x64-gnu@https://registry.npmjs.org/@tailwindcss/oxide-linux-x64-gnu/-/oxide-linux-x64-gnu-4.3.3.tgz. Extracting by manifest.
1224 silly tarball no local data for @jridgewell/resolve-uri@https://registry.npmjs.org/@jridgewell/resolve-uri/-/resolve-uri-3.1.2.tgz. Extracting by manifest.
1225 silly tarball no local data for @jridgewell/trace-mapping@https://registry.npmjs.org/@jridgewell/trace-mapping/-/trace-mapping-0.3.31.tgz. Extracting by manifest.
1226 silly tarball no local data for @jridgewell/gen-mapping@https://registry.npmjs.org/@jridgewell/gen-mapping/-/gen-mapping-0.3.13.tgz. Extracting by manifest.
1227 silly tarball no local data for @jridgewell/sourcemap-codec@https://registry.npmjs.org/@jridgewell/sourcemap-codec/-/sourcemap-codec-1.6.0.tgz. Extracting by manifest.
1228 silly tarball no local data for source-map-js@https://registry.npmjs.org/source-map-js/-/source-map-js-1.2.1.tgz. Extracting by manifest.
1229 silly tarball no local data for lightningcss@https://registry.npmjs.org/lightningcss/-/lightningcss-1.32.0.tgz. Extracting by manifest.
1230 silly tarball no local data for magic-string@https://registry.npmjs.org/magic-string/-/magic-string-0.30.21.tgz. Extracting by manifest.
1231 silly tarball no local data for jiti@https://registry.npmjs.org/jiti/-/jiti-2.7.0.tgz. Extracting by manifest.
1232 silly tarball no local data for enhanced-resolve@https://registry.npmjs.org/enhanced-resolve/-/enhanced-resolve-5.25.1.tgz. Extracting by manifest.
1233 silly tarball no local data for @tailwindcss/oxide@https://registry.npmjs.org/@tailwindcss/oxide/-/oxide-4.3.3.tgz. Extracting by manifest.
1234 silly tarball no local data for @tailwindcss/node@https://registry.npmjs.org/@tailwindcss/node/-/node-4.3.3.tgz. Extracting by manifest.
1235 silly tarball no local data for typescript@https://registry.npmjs.org/typescript/-/typescript-5.9.3.tgz. Extracting by manifest.
1236 silly tarball no local data for tailwindcss@https://registry.npmjs.org/tailwindcss/-/tailwindcss-4.3.3.tgz. Extracting by manifest.
1237 silly tarball no local data for @vitejs/plugin-react@https://registry.npmjs.org/@vitejs/plugin-react/-/plugin-react-5.2.0.tgz. Extracting by manifest.
1238 silly tarball no local data for @types/react-dom@https://registry.npmjs.org/@types/react-dom/-/react-dom-19.3.0.tgz. Extracting by manifest.
1239 silly tarball no local data for @types/react@https://registry.npmjs.org/@types/react/-/react-19.3.0.tgz. Extracting by manifest.
1240 silly tarball no local data for @tanstack/router-plugin@https://registry.npmjs.org/@tanstack/router-plugin/-/router-plugin-1.168.38.tgz. Extracting by manifest.
1241 silly tarball no local data for react@https://registry.npmjs.org/react/-/react-19.3.0.tgz. Extracting by manifest.
1242 silly tarball no local data for react-dom@https://registry.npmjs.org/react-dom/-/react-dom-19.3.0.tgz. Extracting by manifest.
1243 silly tarball no local data for @tanstack/react-router@https://registry.npmjs.org/@tanstack/react-router/-/react-router-1.170.36.tgz. Extracting by manifest.
1244 silly tarball no local data for vite@https://registry.npmjs.org/vite/-/vite-8.3.0.tgz. Extracting by manifest.
1245 silly tarball no local data for @jridgewell/remapping@https://registry.npmjs.org/@jridgewell/remapping/-/remapping-2.3.5.tgz. Extracting by manifest.
1246 silly tarball no local data for @tailwindcss/vite@https://registry.npmjs.org/@tailwindcss/vite/-/vite-4.3.3.tgz. Extracting by manifest.
1247 silly tarball no local data for lightningcss-linux-x64-gnu@https://registry.npmjs.org/lightningcss-linux-x64-gnu/-/lightningcss-linux-x64-gnu-1.33.0.tgz. Extracting by manifest.
1248 silly tarball no local data for lightningcss@https://registry.npmjs.org/lightningcss/-/lightningcss-1.33.0.tgz. Extracting by manifest.
1249 silly tarball no local data for @rolldown/pluginutils@https://registry.npmjs.org/@rolldown/pluginutils/-/pluginutils-1.0.1.tgz. Extracting by manifest.
1250 http fetch POST 200 https://registry.npmjs.org/-/npm/v1/security/advisories/bulk 505ms
1251 silly audit report {}
1252 http fetch GET 200 https://registry.npmjs.org/escalade/-/escalade-3.2.0.tgz 1348ms (cache miss)
1253 http fetch GET 200 https://registry.npmjs.org/ms/-/ms-2.1.3.tgz 1354ms (cache miss)
1254 http fetch GET 200 https://registry.npmjs.org/graceful-fs/-/graceful-fs-4.2.11.tgz 1359ms (cache miss)
1255 http fetch GET 200 https://registry.npmjs.org/nanoid/-/nanoid-3.3.19.tgz 1392ms (cache miss)
1256 http fetch GET 200 https://registry.npmjs.org/@oxc-project/types/-/types-0.149.0.tgz 1410ms (cache miss)
1257 http fetch GET 200 https://registry.npmjs.org/readdirp/-/readdirp-5.1.1.tgz 1383ms (cache miss)
1258 http fetch GET 200 https://registry.npmjs.org/node-releases/-/node-releases-2.0.55.tgz 1377ms (cache miss)
1259 http fetch GET 200 https://registry.npmjs.org/update-browserslist-db/-/update-browserslist-db-1.3.3.tgz 1381ms (cache miss)
1260 http fetch GET 200 https://registry.npmjs.org/@babel/helper-plugin-utils/-/helper-plugin-utils-7.29.7.tgz 1371ms (cache miss)
1261 http fetch GET 200 https://registry.npmjs.org/react-refresh/-/react-refresh-0.18.0.tgz 1433ms (cache miss)
1262 http fetch GET 200 https://registry.npmjs.org/@rolldown/pluginutils/-/pluginutils-1.0.0-rc.3.tgz 1434ms (cache miss)
1263 http fetch GET 200 https://registry.npmjs.org/@types/babel__traverse/-/babel__traverse-7.28.0.tgz 1454ms (cache miss)
1264 http fetch GET 200 https://registry.npmjs.org/@types/babel__template/-/babel__template-7.4.4.tgz 1454ms (cache miss)
1265 http fetch GET 200 https://registry.npmjs.org/@types/babel__generator/-/babel__generator-7.27.0.tgz 1454ms (cache miss)
1266 http fetch GET 200 https://registry.npmjs.org/electron-to-chromium/-/electron-to-chromium-1.5.427.tgz 1468ms (cache miss)
1267 http fetch GET 200 https://registry.npmjs.org/babel-dead-code-elimination/-/babel-dead-code-elimination-1.0.12.tgz 1456ms (cache miss)
1268 http fetch GET 200 https://registry.npmjs.org/@babel/plugin-transform-react-jsx-self/-/plugin-transform-react-jsx-self-7.29.7.tgz 1482ms (cache miss)
1269 http fetch GET 200 https://registry.npmjs.org/pathe/-/pathe-2.0.3.tgz 1481ms (cache miss)
1270 http fetch GET 200 https://registry.npmjs.org/@tanstack/virtual-file-routes/-/virtual-file-routes-1.162.0.tgz 1492ms (cache miss)
1271 http fetch GET 200 https://registry.npmjs.org/@types/babel__core/-/babel__core-7.20.5.tgz 1584ms (cache miss)
1272 http fetch GET 200 https://registry.npmjs.org/ansis/-/ansis-4.4.0.tgz 1581ms (cache miss)
1273 http fetch GET 200 https://registry.npmjs.org/@babel/compat-data/-/compat-data-7.29.7.tgz 1606ms (cache miss)
1274 http fetch GET 200 https://registry.npmjs.org/debug/-/debug-4.4.3.tgz 1620ms (cache miss)
1275 http fetch GET 200 https://registry.npmjs.org/js-tokens/-/js-tokens-4.0.0.tgz 1629ms (cache miss)
1276 http fetch GET 200 https://registry.npmjs.org/picocolors/-/picocolors-1.1.1.tgz 1661ms (cache miss)
1277 http fetch GET 200 https://registry.npmjs.org/@babel/plugin-transform-react-jsx-source/-/plugin-transform-react-jsx-source-7.29.7.tgz 1676ms (cache miss)
1278 http fetch GET 200 https://registry.npmjs.org/chokidar/-/chokidar-5.0.0.tgz 1656ms (cache miss)
1279 http fetch GET 200 https://registry.npmjs.org/use-sync-external-store/-/use-sync-external-store-1.7.0.tgz 1660ms (cache miss)
1280 http fetch GET 200 https://registry.npmjs.org/browserslist/-/browserslist-4.28.9.tgz 1684ms (cache miss)
1281 http fetch GET 200 https://registry.npmjs.org/yallist/-/yallist-3.1.1.tgz 1732ms (cache miss)
1282 http fetch GET 200 https://registry.npmjs.org/@babel/helper-globals/-/helper-globals-7.29.7.tgz 1740ms (cache miss)
1283 http fetch GET 200 https://registry.npmjs.org/lru-cache/-/lru-cache-5.1.1.tgz 1738ms (cache miss)
1284 http fetch GET 200 https://registry.npmjs.org/jsesc/-/jsesc-3.1.0.tgz 1738ms (cache miss)
1285 http fetch GET 200 https://registry.npmjs.org/fdir/-/fdir-6.5.0.tgz 1787ms (cache miss)
1286 http fetch GET 200 https://registry.npmjs.org/detect-libc/-/detect-libc-2.1.2.tgz 1798ms (cache miss)
1287 http fetch GET 200 https://registry.npmjs.org/tinyglobby/-/tinyglobby-0.2.17.tgz 1774ms (cache miss)
1288 http fetch GET 200 https://registry.npmjs.org/@babel/helper-validator-option/-/helper-validator-option-7.29.7.tgz 1769ms (cache miss)
1289 http fetch GET 200 https://registry.npmjs.org/semver/-/semver-6.3.1.tgz 1764ms (cache miss)
1290 http fetch GET 200 https://registry.npmjs.org/baseline-browser-mapping/-/baseline-browser-mapping-2.11.23.tgz 1791ms (cache miss)
1291 http fetch GET 200 https://registry.npmjs.org/@tailwindcss/oxide/-/oxide-4.3.3.tgz 1738ms (cache miss)
1292 http fetch GET 200 https://registry.npmjs.org/gensync/-/gensync-1.0.0-beta.2.tgz 1777ms (cache miss)
1293 http fetch GET 200 https://registry.npmjs.org/@types/react-dom/-/react-dom-19.3.0.tgz 1730ms (cache miss)
1294 http fetch GET 200 https://registry.npmjs.org/cookie-es/-/cookie-es-3.1.1.tgz 1765ms (cache miss)
1295 http fetch GET 200 https://registry.npmjs.org/@rolldown/pluginutils/-/pluginutils-1.0.1.tgz 1719ms (cache miss)
1296 http fetch GET 200 https://registry.npmjs.org/@jridgewell/remapping/-/remapping-2.3.5.tgz 1725ms (cache miss)
1297 http fetch GET 200 https://registry.npmjs.org/convert-source-map/-/convert-source-map-2.0.0.tgz 1780ms (cache miss)
1298 http fetch GET 200 https://registry.npmjs.org/@vitejs/plugin-react/-/plugin-react-5.2.0.tgz 1743ms (cache miss)
1299 http fetch GET 200 https://registry.npmjs.org/@tailwindcss/vite/-/vite-4.3.3.tgz 1731ms (cache miss)
1300 http fetch GET 200 https://registry.npmjs.org/@jridgewell/resolve-uri/-/resolve-uri-3.1.2.tgz 1772ms (cache miss)
1301 http fetch GET 200 https://registry.npmjs.org/@babel/helper-string-parser/-/helper-string-parser-7.29.7.tgz 1803ms (cache miss)
1302 http fetch GET 200 https://registry.npmjs.org/@babel/code-frame/-/code-frame-7.29.7.tgz 1806ms (cache miss)
1303 http fetch GET 200 https://registry.npmjs.org/scheduler/-/scheduler-0.28.0.tgz 1852ms (cache miss)
1304 http fetch GET 200 https://registry.npmjs.org/isbot/-/isbot-5.2.2.tgz 1804ms (cache miss)
1305 http fetch GET 200 https://registry.npmjs.org/@tailwindcss/node/-/node-4.3.3.tgz 1796ms (cache miss)
1306 http fetch GET 200 https://registry.npmjs.org/@tanstack/history/-/history-1.162.4.tgz 1829ms (cache miss)
1307 http fetch GET 200 https://registry.npmjs.org/webpack-virtual-modules/-/webpack-virtual-modules-0.6.2.tgz 1888ms (cache miss)
1308 http fetch GET 200 https://registry.npmjs.org/@babel/helper-module-imports/-/helper-module-imports-7.29.7.tgz 1861ms (cache miss)
1309 http fetch GET 200 https://registry.npmjs.org/@babel/helper-validator-identifier/-/helper-validator-identifier-7.29.7.tgz 1863ms (cache miss)
1310 http fetch GET 200 https://registry.npmjs.org/@babel/helper-compilation-targets/-/helper-compilation-targets-7.29.7.tgz 1873ms (cache miss)
1311 http fetch GET 200 https://registry.npmjs.org/picomatch/-/picomatch-4.0.7.tgz 1921ms (cache miss)
1312 http fetch GET 200 https://registry.npmjs.org/source-map-js/-/source-map-js-1.2.1.tgz 1910ms (cache miss)
1313 http fetch GET 200 https://registry.npmjs.org/magic-string/-/magic-string-0.30.21.tgz 1910ms (cache miss)
1314 http fetch GET 200 https://registry.npmjs.org/@babel/template/-/template-7.29.7.tgz 1934ms (cache miss)
1315 http fetch GET 200 https://registry.npmjs.org/@types/react/-/react-19.3.0.tgz 1900ms (cache miss)
1316 http fetch GET 200 https://registry.npmjs.org/lightningcss/-/lightningcss-1.32.0.tgz 2001ms (cache miss)
1317 http fetch GET 200 https://registry.npmjs.org/seroval/-/seroval-1.6.7.tgz 2064ms (cache miss)
1318 http fetch GET 200 https://registry.npmjs.org/tapable/-/tapable-2.3.3.tgz 2113ms (cache miss)
1319 http fetch GET 200 https://registry.npmjs.org/@babel/helper-module-transforms/-/helper-module-transforms-7.29.7.tgz 2084ms (cache miss)
1320 http fetch GET 200 https://registry.npmjs.org/json5/-/json5-2.2.3.tgz 2109ms (cache miss)
1321 http fetch GET 200 https://registry.npmjs.org/lightningcss/-/lightningcss-1.33.0.tgz 2053ms (cache miss)
1322 http fetch GET 200 https://registry.npmjs.org/react/-/react-19.3.0.tgz 2063ms (cache miss)
1323 http fetch GET 200 https://registry.npmjs.org/unplugin/-/unplugin-3.3.0.tgz 2133ms (cache miss)
1324 http fetch GET 200 https://registry.npmjs.org/@jridgewell/sourcemap-codec/-/sourcemap-codec-1.6.0.tgz 2127ms (cache miss)
1325 http fetch GET 200 https://registry.npmjs.org/@jridgewell/gen-mapping/-/gen-mapping-0.3.13.tgz 2155ms (cache miss)
1326 http fetch GET 200 https://registry.npmjs.org/seroval-plugins/-/seroval-plugins-1.6.7.tgz 2204ms (cache miss)
1327 http fetch GET 200 https://registry.npmjs.org/csstype/-/csstype-3.2.3.tgz 2243ms (cache miss)
1328 http fetch GET 200 https://registry.npmjs.org/@tanstack/store/-/store-0.11.1.tgz 2230ms (cache miss)
1329 http fetch GET 200 https://registry.npmjs.org/@babel/parser/-/parser-7.29.8.tgz 2345ms (cache miss)
1330 http fetch GET 200 https://registry.npmjs.org/jiti/-/jiti-2.7.0.tgz 2326ms (cache miss)
1331 http fetch GET 200 https://registry.npmjs.org/@jridgewell/trace-mapping/-/trace-mapping-0.3.31.tgz 2339ms (cache miss)
1332 http fetch GET 200 https://registry.npmjs.org/@tanstack/react-store/-/react-store-0.11.1.tgz 2348ms (cache miss)
1333 http fetch GET 200 https://registry.npmjs.org/tailwindcss/-/tailwindcss-4.3.3.tgz 2326ms (cache miss)
1334 http fetch GET 200 https://registry.npmjs.org/postcss/-/postcss-8.5.28.tgz 2426ms (cache miss)
1335 http fetch GET 200 https://registry.npmjs.org/@tanstack/router-utils/-/router-utils-1.162.3.tgz 2448ms (cache miss)
1336 http fetch GET 200 https://registry.npmjs.org/enhanced-resolve/-/enhanced-resolve-5.25.1.tgz 2496ms (cache miss)
1337 http fetch GET 200 https://registry.npmjs.org/rolldown/-/rolldown-1.2.8.tgz 2625ms (cache miss)
1338 http fetch GET 200 https://registry.npmjs.org/@tailwindcss/oxide-linux-x64-gnu/-/oxide-linux-x64-gnu-4.3.3.tgz 2560ms (cache miss)
1339 http fetch GET 200 https://registry.npmjs.org/@babel/generator/-/generator-7.29.8.tgz 2584ms (cache miss)
1340 http fetch GET 200 https://registry.npmjs.org/vite/-/vite-8.3.0.tgz 2637ms (cache miss)
1341 http fetch GET 200 https://registry.npmjs.org/@babel/traverse/-/traverse-7.29.8.tgz 2768ms (cache miss)
1342 http fetch GET 200 https://registry.npmjs.org/react-dom/-/react-dom-19.3.0.tgz 3488ms (cache miss)
1343 http fetch GET 200 https://registry.npmjs.org/diff/-/diff-8.0.4.tgz 3568ms (cache miss)
1344 http fetch GET 200 https://registry.npmjs.org/@tanstack/router-generator/-/router-generator-1.167.36.tgz 3595ms (cache miss)
1345 http fetch GET 200 https://registry.npmjs.org/@babel/core/-/core-7.29.7.tgz 3679ms (cache miss)
1346 http fetch GET 200 https://registry.npmjs.org/lightningcss-linux-x64-gnu/-/lightningcss-linux-x64-gnu-1.33.0.tgz 3698ms (cache miss)
1347 http fetch GET 200 https://registry.npmjs.org/lightningcss-linux-x64-gnu/-/lightningcss-linux-x64-gnu-1.32.0.tgz 3853ms (cache miss)
1348 http fetch GET 200 https://registry.npmjs.org/prettier/-/prettier-3.9.6.tgz 3926ms (cache miss)
1349 http fetch GET 200 https://registry.npmjs.org/@babel/types/-/types-7.29.8.tgz 4264ms (cache miss)
1350 http fetch GET 200 https://registry.npmjs.org/@babel/helpers/-/helpers-7.29.7.tgz 4482ms (cache miss)
1351 http fetch GET 200 https://registry.npmjs.org/@tanstack/router-plugin/-/router-plugin-1.168.38.tgz 4470ms (cache miss)
1352 http fetch GET 200 https://registry.npmjs.org/@rolldown/binding-linux-x64-gnu/-/binding-linux-x64-gnu-1.2.8.tgz 4640ms (cache miss)
1353 http fetch GET 200 https://registry.npmjs.org/@tanstack/react-router/-/react-router-1.170.36.tgz 4829ms (cache miss)
1354 http fetch GET 200 https://registry.npmjs.org/typescript/-/typescript-5.9.3.tgz 5016ms (cache miss)
1355 http fetch GET 200 https://registry.npmjs.org/@tanstack/router-core/-/router-core-1.171.30.tgz 5233ms (cache miss)
1356 http fetch GET 200 https://registry.npmjs.org/caniuse-lite/-/caniuse-lite-1.0.30001810.tgz 6260ms (cache miss)
1357 http fetch GET 200 https://registry.npmjs.org/zod/-/zod-4.6.4.tgz 6627ms (cache miss)
1358 silly ADD node_modules/@rolldown/binding-linux-x64-gnu
1359 silly ADD node_modules/@oxc-project/types
1360 silly ADD node_modules/nanoid
1361 silly ADD node_modules/rolldown
1362 silly ADD node_modules/rolldown/node_modules/@rolldown/pluginutils
1363 silly ADD node_modules/postcss
1364 silly ADD node_modules/escalade
1365 silly ADD node_modules/webpack-virtual-modules
1366 silly ADD node_modules/picomatch
1367 silly ADD node_modules/fdir
1368 silly ADD node_modules/scheduler
1369 silly ADD node_modules/yallist
1370 silly ADD node_modules/lightningcss-linux-x64-gnu
1371 silly ADD node_modules/detect-libc
1372 silly ADD node_modules/tapable
1373 silly ADD node_modules/graceful-fs
1374 silly ADD node_modules/ms
1375 silly ADD node_modules/readdirp
1376 silly ADD node_modules/update-browserslist-db
1377 silly ADD node_modules/node-releases
1378 silly ADD node_modules/electron-to-chromium
1379 silly ADD node_modules/caniuse-lite
1380 silly ADD node_modules/baseline-browser-mapping
1381 silly ADD node_modules/@types/babel__traverse
1382 silly ADD node_modules/@types/babel__template
1383 silly ADD node_modules/@types/babel__generator
1384 silly ADD node_modules/@babel/helper-plugin-utils
1385 silly ADD node_modules/react-refresh
1386 silly ADD node_modules/@types/babel__core
1387 silly ADD node_modules/@rolldown/pluginutils
1388 silly ADD node_modules/@babel/plugin-transform-react-jsx-source
1389 silly ADD node_modules/@babel/plugin-transform-react-jsx-self
1390 silly ADD node_modules/csstype
1391 silly ADD node_modules/tinyglobby
1392 silly ADD node_modules/pathe
1393 silly ADD node_modules/diff
1394 silly ADD node_modules/babel-dead-code-elimination
1395 silly ADD node_modules/ansis
1396 silly ADD node_modules/prettier
1397 silly ADD node_modules/@tanstack/virtual-file-routes
1398 silly ADD node_modules/@babel/helper-string-parser
1399 silly ADD node_modules/@babel/helper-globals
1400 silly ADD node_modules/@babel/helper-module-imports
1401 silly ADD node_modules/lru-cache
1402 silly ADD node_modules/browserslist
1403 silly ADD node_modules/@babel/helper-validator-option
1404 silly ADD node_modules/@babel/compat-data
1405 silly ADD node_modules/jsesc
1406 silly ADD node_modules/picocolors
1407 silly ADD node_modules/js-tokens
1408 silly ADD node_modules/@babel/helper-validator-identifier
1409 silly ADD node_modules/semver
1410 silly ADD node_modules/json5
1411 silly ADD node_modules/gensync
1412 silly ADD node_modules/debug
1413 silly ADD node_modules/convert-source-map
1414 silly ADD node_modules/@babel/traverse
1415 silly ADD node_modules/@babel/parser
1416 silly ADD node_modules/@babel/helpers
1417 silly ADD node_modules/@babel/helper-module-transforms
1418 silly ADD node_modules/@babel/helper-compilation-targets
1419 silly ADD node_modules/@babel/generator
1420 silly ADD node_modules/@babel/code-frame
1421 silly ADD node_modules/zod
1422 silly ADD node_modules/unplugin
1423 silly ADD node_modules/chokidar
1424 silly ADD node_modules/@tanstack/router-utils
1425 silly ADD node_modules/@tanstack/router-generator
1426 silly ADD node_modules/@babel/types
1427 silly ADD node_modules/@babel/template
1428 silly ADD node_modules/@babel/core
1429 silly ADD node_modules/seroval-plugins
1430 silly ADD node_modules/seroval
1431 silly ADD node_modules/cookie-es
1432 silly ADD node_modules/use-sync-external-store
1433 silly ADD node_modules/@tanstack/store
1434 silly ADD node_modules/isbot
1435 silly ADD node_modules/@tanstack/router-core
1436 silly ADD node_modules/@tanstack/react-store
1437 silly ADD node_modules/@tanstack/history
1438 silly ADD node_modules/@tailwindcss/oxide-linux-x64-gnu
1439 silly ADD node_modules/@jridgewell/resolve-uri
1440 silly ADD node_modules/@jridgewell/sourcemap-codec
1441 silly ADD node_modules/@jridgewell/trace-mapping
1442 silly ADD node_modules/@jridgewell/gen-mapping
1443 silly ADD node_modules/source-map-js
1444 silly ADD node_modules/magic-string
1445 silly ADD node_modules/lightningcss
1446 silly ADD node_modules/jiti
1447 silly ADD node_modules/enhanced-resolve
1448 silly ADD node_modules/@jridgewell/remapping
1449 silly ADD node_modules/@tailwindcss/oxide
1450 silly ADD node_modules/@tailwindcss/node
1451 silly ADD node_modules/typescript
1452 silly ADD node_modules/tailwindcss
1453 silly ADD node_modules/@vitejs/plugin-react
1454 silly ADD node_modules/@types/react-dom
1455 silly ADD node_modules/@types/react
1456 silly ADD node_modules/@tanstack/router-plugin
1457 silly ADD node_modules/react-dom
1458 silly ADD node_modules/react
1459 silly ADD node_modules/@tanstack/react-router
1460 silly ADD node_modules/vite
1461 silly ADD node_modules/vite/node_modules/lightningcss-linux-x64-gnu
1462 silly ADD node_modules/vite/node_modules/lightningcss
1463 silly ADD node_modules/@tailwindcss/vite
1464 verbose cwd /home/sprite
1465 verbose os Linux 6.12.105-fly
1466 verbose node v24.18.0
1467 verbose npm  v12.0.2
1468 verbose exit 0
1469 info ok
